Time, Real_Position, Real_Velocity, Learned_Position, Learned_Velocity
0.000000000000000000e+00,1.000000000000000000e+00,0.000000000000000000e+00,1.000000000000000000e+00,0.000000000000000000e+00
1.001000963151454926e-02,1.000000000000000000e+00,-2.002001926302909851e-02,1.000260472297668457e+00,-2.503107488155364990e-02
2.002001926302909851e-02,9.997996091842651367e-01,-3.991979733109474182e-02,1.000212430953979492e+00,-4.988428577780723572e-02
3.003002889454364777e-02,9.994000196456909180e-01,-5.969604849815368652e-02,9.998577833175659180e-01,-7.455303519964218140e-02
4.004003852605819702e-02,9.988024830818176270e-01,-7.934552431106567383e-02,9.991984367370605469e-01,-9.903080761432647705e-02
5.005005002021789551e-02,9.980082511901855469e-01,-9.886502474546432495e-02,9.982363581657409668e-01,-1.233111619949340820e-01
6.006005778908729553e-02,9.970186352729797363e-01,-1.182513833045959473e-01,9.969736933708190918e-01,-1.473877429962158203e-01
7.007006555795669556e-02,9.958349466323852539e-01,-1.375014930963516235e-01,9.954126477241516113e-01,-1.712543219327926636e-01
8.008007705211639404e-02,9.944585561752319336e-01,-1.566122919321060181e-01,9.935554265975952148e-01,-1.949047148227691650e-01
9.009008854627609253e-02,9.928908944129943848e-01,-1.755807548761367798e-01,9.914044141769409180e-01,-2.183328717947006226e-01
1.001001000404357910e-01,9.911333322525024414e-01,-1.944039165973663330e-01,9.889619946479797363e-01,-2.415328174829483032e-01
1.101101040840148926e-01,9.891873598098754883e-01,-2.130788266658782959e-01,9.862307310104370117e-01,-2.644986510276794434e-01
1.201201155781745911e-01,9.870544672012329102e-01,-2.316026240587234497e-01,9.832131862640380859e-01,-2.872246503829956055e-01
1.301301270723342896e-01,9.847361445426940918e-01,-2.499724626541137695e-01,9.799120426177978516e-01,-3.097051382064819336e-01
1.401401311159133911e-01,9.822339415550231934e-01,-2.681855559349060059e-01,9.763301014900207520e-01,-3.319345116615295410e-01
1.501501500606536865e-01,9.795494079589843750e-01,-2.862391769886016846e-01,9.724701046943664551e-01,-3.539073765277862549e-01
1.601601541042327881e-01,9.766841530799865723e-01,-3.041306138038635254e-01,9.683350324630737305e-01,-3.756183087825775146e-01
1.701701581478118896e-01,9.736397862434387207e-01,-3.218572437763214111e-01,9.639278650283813477e-01,-3.970620930194854736e-01
1.801801770925521851e-01,9.704179763793945312e-01,-3.394164741039276123e-01,9.592515826225280762e-01,-4.182336628437042236e-01
1.901901811361312866e-01,9.670203924179077148e-01,-3.568057119846343994e-01,9.543094038963317871e-01,-4.391279220581054688e-01
2.002002000808715820e-01,9.634487628936767578e-01,-3.740225136280059814e-01,9.491044878959655762e-01,-4.597400426864624023e-01
2.102102041244506836e-01,9.597048163414001465e-01,-3.910643756389617920e-01,9.436401724815368652e-01,-4.800651669502258301e-01
2.202202081680297852e-01,9.557902812957763672e-01,-4.079289436340332031e-01,9.379197359085083008e-01,-5.000987052917480469e-01
2.302302122116088867e-01,9.517068862915039062e-01,-4.246138632297515869e-01,9.319466352462768555e-01,-5.198360681533813477e-01
2.402402311563491821e-01,9.474564790725708008e-01,-4.411168396472930908e-01,9.257243275642395020e-01,-5.392729043960571289e-01
2.502502501010894775e-01,9.430409073829650879e-01,-4.574356079101562500e-01,9.192563295364379883e-01,-5.584049224853515625e-01
2.602602541446685791e-01,9.384619593620300293e-01,-4.735679328441619873e-01,9.125462770462036133e-01,-5.772278308868408203e-01
2.702702581882476807e-01,9.337215423583984375e-01,-4.895116984844207764e-01,9.055978655815124512e-01,-5.957376956939697266e-01
2.802802622318267822e-01,9.288215041160583496e-01,-5.052648186683654785e-01,8.984147906303405762e-01,-6.139305830001831055e-01
2.902902960777282715e-01,9.237638115882873535e-01,-5.208252668380737305e-01,8.910008668899536133e-01,-6.318027377128601074e-01
3.003003001213073730e-01,9.185503721237182617e-01,-5.361909270286560059e-01,8.833599686622619629e-01,-6.493504047393798828e-01
3.103103041648864746e-01,9.131830930709838867e-01,-5.513599514961242676e-01,8.754959702491760254e-01,-6.665701270103454590e-01
3.203203082084655762e-01,9.076640009880065918e-01,-5.663304328918457031e-01,8.674128055572509766e-01,-6.834584474563598633e-01
3.303303122520446777e-01,9.019950032234191895e-01,-5.811004638671875000e-01,8.591145277023315430e-01,-7.000121474266052246e-01
3.403403162956237793e-01,8.961781859397888184e-01,-5.956683158874511719e-01,8.506051898002624512e-01,-7.162281274795532227e-01
3.503503501415252686e-01,8.902155160903930664e-01,-6.100322604179382324e-01,8.418888449668884277e-01,-7.321034073829650879e-01
3.603603541851043701e-01,8.841090798377990723e-01,-6.241905093193054199e-01,8.329697251319885254e-01,-7.476350069046020508e-01
3.703703582286834717e-01,8.778609037399291992e-01,-6.381415128707885742e-01,8.238520026206970215e-01,-7.628202438354492188e-01
3.803803622722625732e-01,8.714731335639953613e-01,-6.518836021423339844e-01,8.145399093627929688e-01,-7.776565551757812500e-01
3.903903663158416748e-01,8.649477958679199219e-01,-6.654152870178222656e-01,8.050377368927001953e-01,-7.921414971351623535e-01
4.004004001617431641e-01,8.582869768142700195e-01,-6.787350773811340332e-01,7.953497767448425293e-01,-8.062727451324462891e-01
4.104104042053222656e-01,8.514928221702575684e-01,-6.918414831161499023e-01,7.854804396629333496e-01,-8.200480341911315918e-01
4.204204082489013672e-01,8.445674777030944824e-01,-7.047331929206848145e-01,7.754341363906860352e-01,-8.334653973579406738e-01
4.304304420948028564e-01,8.375130891799926758e-01,-7.174088358879089355e-01,7.652152180671691895e-01,-8.465229272842407227e-01
4.404404461383819580e-01,8.303318023681640625e-01,-7.298671007156372070e-01,7.548282742500305176e-01,-8.592187762260437012e-01
4.504504501819610596e-01,8.230258226394653320e-01,-7.421067953109741211e-01,7.442777156829833984e-01,-8.715513348579406738e-01
4.604604542255401611e-01,8.155973553657531738e-01,-7.541266679763793945e-01,7.335680723190307617e-01,-8.835191130638122559e-01
4.704704582691192627e-01,8.080485463142395020e-01,-7.659256458282470703e-01,7.227038741111755371e-01,-8.951207399368286133e-01
4.804804623126983643e-01,8.003816008567810059e-01,-7.775026559829711914e-01,7.116897106170654297e-01,-9.063549637794494629e-01
4.904904663562774658e-01,7.925987839698791504e-01,-7.888566255569458008e-01,7.005301713943481445e-01,-9.172206521034240723e-01
5.005005002021789551e-01,7.847023010253906250e-01,-7.999866008758544922e-01,6.892297863960266113e-01,-9.277169108390808105e-01
5.105105042457580566e-01,7.766944169998168945e-01,-8.108916282653808594e-01,6.777933239936828613e-01,-9.378428459167480469e-01
5.205205082893371582e-01,7.685773968696594238e-01,-8.215708136558532715e-01,6.662253737449645996e-01,-9.475978016853332520e-01
5.305305123329162598e-01,7.603534460067749023e-01,-8.320233821868896484e-01,6.545305252075195312e-01,-9.569811820983886719e-01
5.405405163764953613e-01,7.520248889923095703e-01,-8.422485589981079102e-01,6.427135467529296875e-01,-9.659925699234008789e-01
5.505505204200744629e-01,7.435939908027648926e-01,-8.522455692291259766e-01,6.307790279388427734e-01,-9.746316075325012207e-01
5.605605244636535645e-01,7.350630164146423340e-01,-8.620137572288513184e-01,6.187317371368408203e-01,-9.828981757164001465e-01
5.705705285072326660e-01,7.264342308044433594e-01,-8.715524673461914062e-01,6.065763235092163086e-01,-9.907922148704528809e-01
5.805805325508117676e-01,7.177099585533142090e-01,-8.808611631393432617e-01,5.943174958229064941e-01,-9.983137845993041992e-01
5.905905365943908691e-01,7.088925242424011230e-01,-8.899392485618591309e-01,5.819599032402038574e-01,-1.005463123321533203e+00
6.006005406379699707e-01,6.999842524528503418e-01,-8.987863063812255859e-01,5.695083141326904297e-01,-1.012240529060363770e+00
6.106106042861938477e-01,6.909873485565185547e-01,-9.074019193649291992e-01,5.569673180580139160e-01,-1.018646478652954102e+00
6.206206083297729492e-01,6.819042563438415527e-01,-9.157856106758117676e-01,5.443417429924011230e-01,-1.024681568145751953e+00
6.306306123733520508e-01,6.727372407913208008e-01,-9.239371418952941895e-01,5.316362380981445312e-01,-1.030346512794494629e+00
6.406406164169311523e-01,6.634886264801025391e-01,-9.318561553955078125e-01,5.188554525375366211e-01,-1.035642027854919434e+00
6.506506204605102539e-01,6.541607379913330078e-01,-9.395424723625183105e-01,5.060040950775146484e-01,-1.040569186210632324e+00
6.606606245040893555e-01,6.447558999061584473e-01,-9.469958543777465820e-01,4.930867850780487061e-01,-1.045128941535949707e+00
6.706706285476684570e-01,6.352764964103698730e-01,-9.542162418365478516e-01,4.801081717014312744e-01,-1.049322485923767090e+00
6.806806325912475586e-01,6.257247924804687500e-01,-9.612034559249877930e-01,4.670729339122772217e-01,-1.053151130676269531e+00
6.906906366348266602e-01,6.161031126976013184e-01,-9.679574966430664062e-01,4.539856612682342529e-01,-1.056616306304931641e+00
7.007007002830505371e-01,6.064137816429138184e-01,-9.744783639907836914e-01,4.408508539199829102e-01,-1.059719562530517578e+00
7.107107043266296387e-01,5.966592431068420410e-01,-9.807660579681396484e-01,4.276732802391052246e-01,-1.062462329864501953e+00
7.207207083702087402e-01,5.868417620658874512e-01,-9.868206977844238281e-01,4.144574403762817383e-01,-1.064846515655517578e+00
7.307307124137878418e-01,5.769636631011962891e-01,-9.926424026489257812e-01,4.012078344821929932e-01,-1.066873908042907715e+00
7.407407164573669434e-01,5.670273303985595703e-01,-9.982314109802246094e-01,3.879289925098419189e-01,-1.068546414375305176e+00
7.507507205009460449e-01,5.570350289344787598e-01,-1.003587961196899414e+00,3.746254146099090576e-01,-1.069866180419921875e+00
7.607607245445251465e-01,5.469890832901000977e-01,-1.008712291717529297e+00,3.613015413284301758e-01,-1.070835232734680176e+00
7.707707881927490234e-01,5.368918180465698242e-01,-1.013604760169982910e+00,3.479617536067962646e-01,-1.071455836296081543e+00
7.807807922363281250e-01,5.267456173896789551e-01,-1.018265604972839355e+00,3.346106112003326416e-01,-1.071730375289916992e+00
7.907907962799072266e-01,5.165527462959289551e-01,-1.022695302963256836e+00,3.212524056434631348e-01,-1.071661233901977539e+00
8.008008003234863281e-01,5.063155889511108398e-01,-1.026894330978393555e+00,3.078914880752563477e-01,-1.071251034736633301e+00
8.108108043670654297e-01,4.960363805294036865e-01,-1.030863285064697266e+00,2.945321500301361084e-01,-1.070502281188964844e+00
8.208208084106445312e-01,4.857174456119537354e-01,-1.034602522850036621e+00,2.811786830425262451e-01,-1.069417834281921387e+00
8.308308124542236328e-01,4.753610789775848389e-01,-1.038112759590148926e+00,2.678353190422058105e-01,-1.068000316619873047e+00
8.408408164978027344e-01,4.649695754051208496e-01,-1.041394591331481934e+00,2.545062601566314697e-01,-1.066252708435058594e+00
8.508508205413818359e-01,4.545451998710632324e-01,-1.044448614120483398e+00,2.411956638097763062e-01,-1.064177989959716797e+00
8.608608841896057129e-01,4.440901875495910645e-01,-1.047275662422180176e+00,2.279075682163238525e-01,-1.061779260635375977e+00
8.708708882331848145e-01,4.336069524288177490e-01,-1.049876451492309570e+00,2.146462351083755493e-01,-1.059059619903564453e+00
8.808808326721191406e-01,4.230977594852447510e-01,-1.052251696586608887e+00,2.014156877994537354e-01,-1.056022286415100098e+00
8.908908367156982422e-01,4.125647246837615967e-01,-1.054402232170104980e+00,1.882197856903076172e-01,-1.052670478820800781e+00
9.009008407592773438e-01,4.020101428031921387e-01,-1.056329011917114258e+00,1.750625520944595337e-01,-1.049007654190063477e+00
9.109108448028564453e-01,3.914362788200378418e-01,-1.058032989501953125e+00,1.619479060173034668e-01,-1.045037269592285156e+00
9.209208488464355469e-01,3.808453679084777832e-01,-1.059514999389648438e+00,1.488797068595886230e-01,-1.040762782096862793e+00
9.309308528900146484e-01,3.702396154403686523e-01,-1.060776114463806152e+00,1.358617842197418213e-01,-1.036187767982482910e+00
9.409409165382385254e-01,3.596211671829223633e-01,-1.061817288398742676e+00,1.228978261351585388e-01,-1.031315803527832031e+00
9.509509205818176270e-01,3.489923775196075439e-01,-1.062639594078063965e+00,1.099917143583297729e-01,-1.026150822639465332e+00
9.609609246253967285e-01,3.383553624153137207e-01,-1.063244223594665527e+00,9.714704751968383789e-02,-1.020696401596069336e+00
9.709709286689758301e-01,3.277122974395751953e-01,-1.063632249832153320e+00,8.436745405197143555e-02,-1.014956474304199219e+00
9.809809327125549316e-01,3.170653283596038818e-01,-1.063804864883422852e+00,7.165651768445968628e-02,-1.008934974670410156e+00
9.909909367561340332e-01,3.064166307449340820e-01,-1.063763260841369629e+00,5.901776254177093506e-02,-1.002635836601257324e+00
1.001001000404357910e+00,2.957682907581329346e-01,-1.063508749008178711e+00,4.645458608865737915e-02,-9.960630536079406738e-01
1.011011004447937012e+00,2.851225733757019043e-01,-1.063042640686035156e+00,3.397056460380554199e-02,-9.892207384109497070e-01
1.021021008491516113e+00,2.744815051555633545e-01,-1.062366127967834473e+00,2.156899496912956238e-02,-9.821130037307739258e-01
1.031031012535095215e+00,2.638472020626068115e-01,-1.061480641365051270e+00,9.253197349607944489e-03,-9.747440218925476074e-01
1.041041016578674316e+00,2.532217800617218018e-01,-1.060387611389160156e+00,-2.973568625748157501e-03,-9.671180248260498047e-01
1.051051020622253418e+00,2.426072955131530762e-01,-1.059088468551635742e+00,-1.510808989405632019e-02,-9.592393040657043457e-01
1.061061024665832520e+00,2.320058196783065796e-01,-1.057584524154663086e+00,-2.714721113443374634e-02,-9.511121511459350586e-01
1.071071028709411621e+00,2.214193940162658691e-01,-1.055877447128295898e+00,-3.908783197402954102e-02,-9.427409768104553223e-01
1.081081032752990723e+00,2.108500599861145020e-01,-1.053968667984008789e+00,-5.092690512537956238e-02,-9.341301321983337402e-01
1.091091036796569824e+00,2.002998292446136475e-01,-1.051859736442565918e+00,-6.266143918037414551e-02,-9.252841472625732422e-01
1.101101040840148926e+00,1.897707134485244751e-01,-1.049552321434020996e+00,-7.428850233554840088e-02,-9.162074327468872070e-01
1.111111044883728027e+00,1.792646944522857666e-01,-1.047047972679138184e+00,-8.580521494150161743e-02,-9.069045782089233398e-01
1.121121048927307129e+00,1.687837392091751099e-01,-1.044348239898681641e+00,-9.720876812934875488e-02,-8.973801136016845703e-01
1.131131052970886230e+00,1.583298146724700928e-01,-1.041454911231994629e+00,-1.084963902831077576e-01,-8.876386880874633789e-01
1.141141057014465332e+00,1.479048430919647217e-01,-1.038369655609130859e+00,-1.196653768420219421e-01,-8.776848912239074707e-01
1.151151061058044434e+00,1.375107616186141968e-01,-1.035094261169433594e+00,-1.307130753993988037e-01,-8.675233721733093262e-01
1.161161065101623535e+00,1.271494626998901367e-01,-1.031630396842956543e+00,-1.416369080543518066e-01,-8.571588397026062012e-01
1.171171069145202637e+00,1.168228387832641602e-01,-1.027979969978332520e+00,-1.524343341588973999e-01,-8.465960621833801270e-01
1.181181073188781738e+00,1.065327525138854980e-01,-1.024144768714904785e+00,-1.631028950214385986e-01,-8.358397483825683594e-01
1.191191077232360840e+00,9.628105908632278442e-02,-1.020126581192016602e+00,-1.736401617527008057e-01,-8.248946666717529297e-01
1.201201200485229492e+00,8.606946468353271484e-02,-1.015927195549011230e+00,-1.840439140796661377e-01,-8.137654662132263184e-01
1.211211204528808594e+00,7.590003311634063721e-02,-1.011548638343811035e+00,-1.943115890026092529e-01,-8.024572730064392090e-01
1.221221208572387695e+00,6.577442586421966553e-02,-1.006992816925048828e+00,-2.044411003589630127e-01,-7.909747362136840820e-01
1.231231212615966797e+00,5.569442361593246460e-02,-1.002261638641357422e+00,-2.144302576780319214e-01,-7.793227434158325195e-01
1.241241216659545898e+00,4.566178098320960999e-02,-9.973570704460144043e-01,-2.242769300937652588e-01,-7.675061821937561035e-01
1.251251220703125000e+00,3.567823395133018494e-02,-9.922810792922973633e-01,-2.339790761470794678e-01,-7.555299401283264160e-01
1.261261224746704102e+00,2.574549615383148193e-02,-9.870356917381286621e-01,-2.435346990823745728e-01,-7.433989048004150391e-01
1.271271228790283203e+00,1.586526446044445038e-02,-9.816229939460754395e-01,-2.529418468475341797e-01,-7.311179637908935547e-01
1.281281232833862305e+00,6.039214320480823517e-03,-9.760450124740600586e-01,-2.621986567974090576e-01,-7.186920642852783203e-01
1.291291236877441406e+00,-3.731000237166881561e-03,-9.703037738800048828e-01,-2.713032960891723633e-01,-7.061261534690856934e-01
1.301301240921020508e+00,-1.344374474138021469e-02,-9.644014239311218262e-01,-2.802540063858032227e-01,-6.934251785278320312e-01
1.311311244964599609e+00,-2.309740707278251648e-02,-9.583401083946228027e-01,-2.890491187572479248e-01,-6.805940866470336914e-01
1.321321249008178711e+00,-3.269039466977119446e-02,-9.521219134330749512e-01,-2.976869642734527588e-01,-6.676378250122070312e-01
1.331331253051757812e+00,-4.222114011645317078e-02,-9.457489848136901855e-01,-3.061659634113311768e-01,-6.545613408088684082e-01
1.341341257095336914e+00,-5.168808996677398682e-02,-9.392235279083251953e-01,-3.144845962524414062e-01,-6.413696408271789551e-01
1.351351261138916016e+00,-6.108972057700157166e-02,-9.325477480888366699e-01,-3.226414024829864502e-01,-6.280676722526550293e-01
1.361361265182495117e+00,-7.042452692985534668e-02,-9.257238507270812988e-01,-3.306349813938140869e-01,-6.146603822708129883e-01
1.371371269226074219e+00,-7.969102263450622559e-02,-9.187540411949157715e-01,-3.384640216827392578e-01,-6.011527180671691895e-01
1.381381273269653320e+00,-8.888775110244750977e-02,-9.116405844688415527e-01,-3.461272120475769043e-01,-5.875496268272399902e-01
1.391391277313232422e+00,-9.801327437162399292e-02,-9.043857455253601074e-01,-3.536233305931091309e-01,-5.738561153411865234e-01
1.401401281356811523e+00,-1.070661768317222595e-01,-8.969917893409729004e-01,-3.609512150287628174e-01,-5.600770711898803711e-01
1.411411285400390625e+00,-1.160450652241706848e-01,-8.894609808921813965e-01,-3.681097924709320068e-01,-5.462175011634826660e-01
1.421421289443969727e+00,-1.249485760927200317e-01,-8.817956447601318359e-01,-3.750979900360107422e-01,-5.322822928428649902e-01
1.431431293487548828e+00,-1.337753534317016602e-01,-8.739981055259704590e-01,-3.819148242473602295e-01,-5.182763338088989258e-01
1.441441416740417480e+00,-1.425241827964782715e-01,-8.660705685615539551e-01,-3.885594904422760010e-01,-5.042043924331665039e-01
1.451451420783996582e+00,-1.511935591697692871e-01,-8.580155968666076660e-01,-3.950309157371520996e-01,-4.900717139244079590e-01
1.461461424827575684e+00,-1.597823053598403931e-01,-8.498354554176330566e-01,-4.013283848762512207e-01,-4.758830070495605469e-01
1.471471428871154785e+00,-1.682891547679901123e-01,-8.415324687957763672e-01,-4.074511826038360596e-01,-4.616431593894958496e-01
1.481481432914733887e+00,-1.767129004001617432e-01,-8.331090807914733887e-01,-4.133985936641693115e-01,-4.473569989204406738e-01
1.491491436958312988e+00,-1.850523203611373901e-01,-8.245676159858703613e-01,-4.191699922084808350e-01,-4.330293238162994385e-01
1.501501441001892090e+00,-1.933062523603439331e-01,-8.159105181694030762e-01,-4.247647821903228760e-01,-4.186649918556213379e-01
1.511511445045471191e+00,-2.014735192060470581e-01,-8.071401715278625488e-01,-4.301824867725372314e-01,-4.042687714099884033e-01
1.521521449089050293e+00,-2.095530033111572266e-01,-7.982589602470397949e-01,-4.354226291179656982e-01,-3.898454308509826660e-01
1.531531453132629395e+00,-2.175435721874237061e-01,-7.892693877220153809e-01,-4.404848217964172363e-01,-3.753997385501861572e-01
1.541541457176208496e+00,-2.254441678524017334e-01,-7.801738381385803223e-01,-4.453687071800231934e-01,-3.609364032745361328e-01
1.551551461219787598e+00,-2.332537174224853516e-01,-7.709746956825256348e-01,-4.500740170478820801e-01,-3.464601039886474609e-01
1.561561465263366699e+00,-2.409711778163909912e-01,-7.616744637489318848e-01,-4.546005129814147949e-01,-3.319755196571350098e-01
1.571571469306945801e+00,-2.485955357551574707e-01,-7.522755861282348633e-01,-4.589480161666870117e-01,-3.174872994422912598e-01
1.581581473350524902e+00,-2.561258077621459961e-01,-7.427805066108703613e-01,-4.631164371967315674e-01,-3.030000329017639160e-01
1.591591477394104004e+00,-2.635610401630401611e-01,-7.331917285919189453e-01,-4.671056866645812988e-01,-2.885183095932006836e-01
1.601601600646972656e+00,-2.709003686904907227e-01,-7.235115766525268555e-01,-4.709158241748809814e-01,-2.740465104579925537e-01
1.611611604690551758e+00,-2.781427204608917236e-01,-7.137427330017089844e-01,-4.745468199253082275e-01,-2.595894932746887207e-01
1.621621608734130859e+00,-2.852872908115386963e-01,-7.038875818252563477e-01,-4.779987931251525879e-01,-2.451515495777130127e-01
1.631631612777709961e+00,-2.923332154750823975e-01,-6.939485669136047363e-01,-4.812719523906707764e-01,-2.307371497154235840e-01
1.641641616821289062e+00,-2.992796301841735840e-01,-6.839281916618347168e-01,-4.843664765357971191e-01,-2.163506895303726196e-01
1.651651620864868164e+00,-3.061257600784301758e-01,-6.738289594650268555e-01,-4.872826635837554932e-01,-2.019965350627899170e-01
1.661661624908447266e+00,-3.128708004951477051e-01,-6.636533141136169434e-01,-4.900208115577697754e-01,-1.876790225505828857e-01
1.671671628952026367e+00,-3.195139765739440918e-01,-6.534037590026855469e-01,-4.925813078880310059e-01,-1.734024435281753540e-01
1.681681632995605469e+00,-3.260545432567596436e-01,-6.430827379226684570e-01,-4.949645698070526123e-01,-1.591710448265075684e-01
1.691691637039184570e+00,-3.324918150901794434e-01,-6.326927542686462402e-01,-4.971711039543151855e-01,-1.449890285730361938e-01
1.701701641082763672e+00,-3.388250768184661865e-01,-6.222363114356994629e-01,-4.992014169692993164e-01,-1.308605670928955078e-01
1.711711645126342773e+00,-3.450536727905273438e-01,-6.117158532142639160e-01,-5.010561347007751465e-01,-1.167897880077362061e-01
1.721721649169921875e+00,-3.511769473552703857e-01,-6.011338829994201660e-01,-5.027358531951904297e-01,-1.027807593345642090e-01
1.731731653213500977e+00,-3.571943044662475586e-01,-5.904929041862487793e-01,-5.042412877082824707e-01,-8.883750438690185547e-02
1.741741657257080078e+00,-3.631051480770111084e-01,-5.797953605651855469e-01,-5.055731534957885742e-01,-7.496400922536849976e-02
1.751751661300659180e+00,-3.689089119434356689e-01,-5.690437555313110352e-01,-5.067322254180908203e-01,-6.116420775651931763e-02
1.761761665344238281e+00,-3.746050298213958740e-01,-5.582405328750610352e-01,-5.077193975448608398e-01,-4.744198918342590332e-02
1.771771669387817383e+00,-3.801930248737335205e-01,-5.473881363868713379e-01,-5.085355043411254883e-01,-3.380117937922477722e-02
1.781781673431396484e+00,-3.856723904609680176e-01,-5.364890694618225098e-01,-5.091814994812011719e-01,-2.024555951356887817e-02
1.791791677474975586e+00,-3.910426497459411621e-01,-5.255457758903503418e-01,-5.096583366394042969e-01,-6.778861396014690399e-03
1.801801681518554688e+00,-3.963033556938171387e-01,-5.145606398582458496e-01,-5.099670290946960449e-01,6.595239043235778809e-03
1.811811685562133789e+00,-4.014541208744049072e-01,-5.035361647605895996e-01,-5.101087093353271484e-01,1.987311616539955139e-02
1.821821689605712891e+00,-4.064945280551910400e-01,-4.924748241901397705e-01,-5.100844502449035645e-01,3.305120766162872314e-02
1.831831693649291992e+00,-4.114241898059844971e-01,-4.813790023326873779e-01,-5.098954439163208008e-01,4.612599685788154602e-02
1.841841816902160645e+00,-4.162428379058837891e-01,-4.702509939670562744e-01,-5.095428824424743652e-01,5.909418687224388123e-02
1.851851820945739746e+00,-4.209500551223754883e-01,-4.590934813022613525e-01,-5.090280175209045410e-01,7.195206731557846069e-02
1.861861824989318848e+00,-4.255455732345581055e-01,-4.479087293148040771e-01,-5.083521604537963867e-01,8.469645678997039795e-02
1.871871829032897949e+00,-4.300291538238525391e-01,-4.366991519927978516e-01,-5.075166225433349609e-01,9.732406586408615112e-02
1.881881833076477051e+00,-4.344005286693572998e-01,-4.254671633243560791e-01,-5.065228343009948730e-01,1.098316833376884460e-01
1.891891837120056152e+00,-4.386594593524932861e-01,-4.142151176929473877e-01,-5.053721666336059570e-01,1.222161352634429932e-01
1.901901841163635254e+00,-4.428057670593261719e-01,-4.029453694820404053e-01,-5.040661096572875977e-01,1.344743371009826660e-01
1.911911845207214355e+00,-4.468392431735992432e-01,-3.916603028774261475e-01,-5.026061534881591797e-01,1.466032415628433228e-01
1.921921849250793457e+00,-4.507597684860229492e-01,-3.803622722625732422e-01,-5.009938478469848633e-01,1.585998684167861938e-01
1.931931853294372559e+00,-4.545671939849853516e-01,-3.690536022186279297e-01,-4.992307722568511963e-01,1.704613119363784790e-01
1.941941857337951660e+00,-4.582614302635192871e-01,-3.577366173267364502e-01,-4.973185360431671143e-01,1.821847259998321533e-01
1.951951861381530762e+00,-4.618423879146575928e-01,-3.464136421680450439e-01,-4.952588081359863281e-01,1.937673091888427734e-01
1.961961865425109863e+00,-4.653099775314331055e-01,-3.350870013236999512e-01,-4.930532574653625488e-01,2.052063494920730591e-01
1.971971869468688965e+00,-4.686641991138458252e-01,-3.237589597702026367e-01,-4.907036423683166504e-01,2.164991945028305054e-01
1.981981873512268066e+00,-4.719050228595733643e-01,-3.124318122863769531e-01,-4.882116913795471191e-01,2.276432514190673828e-01
1.991991877555847168e+00,-4.750324785709381104e-01,-3.011077940464019775e-01,-4.855792224407196045e-01,2.386359870433807373e-01
2.002002000808715820e+00,-4.780465960502624512e-01,-2.897890508174896240e-01,-4.828080236911773682e-01,2.494750767946243286e-01
2.012012004852294922e+00,-4.809473752975463867e-01,-2.784780859947204590e-01,-4.799000024795532227e-01,2.601578831672668457e-01
2.022022008895874023e+00,-4.837349355220794678e-01,-2.671769857406616211e-01,-4.768570363521575928e-01,2.706821858882904053e-01
2.032032012939453125e+00,-4.864093661308288574e-01,-2.558879554271697998e-01,-4.736810326576232910e-01,2.810457348823547363e-01
2.042042016983032227e+00,-4.889708161354064941e-01,-2.446131706237792969e-01,-4.703739583492279053e-01,2.912463545799255371e-01
2.052052021026611328e+00,-4.914194047451019287e-01,-2.333548218011856079e-01,-4.669377803802490234e-01,3.012819290161132812e-01
2.062062025070190430e+00,-4.937552809715270996e-01,-2.221150696277618408e-01,-4.633745253086090088e-01,3.111504018306732178e-01
2.072072029113769531e+00,-4.959786534309387207e-01,-2.108960598707199097e-01,-4.596862196922302246e-01,3.208497762680053711e-01
2.082082033157348633e+00,-4.980897307395935059e-01,-1.996999233961105347e-01,-4.558749198913574219e-01,3.303781449794769287e-01
2.092092037200927734e+00,-5.000887513160705566e-01,-1.885287612676620483e-01,-4.519427418708801270e-01,3.397336602210998535e-01
2.102102041244506836e+00,-5.019759535789489746e-01,-1.773846745491027832e-01,-4.478917717933654785e-01,3.489145636558532715e-01
2.112112045288085938e+00,-5.037515759468078613e-01,-1.662697345018386841e-01,-4.437241554260253906e-01,3.579191267490386963e-01
2.122122049331665039e+00,-5.054159164428710938e-01,-1.551860123872756958e-01,-4.394420385360717773e-01,3.667457103729248047e-01
2.132132053375244141e+00,-5.069693326950073242e-01,-1.441355347633361816e-01,-4.350476264953613281e-01,3.753927648067474365e-01
2.142142057418823242e+00,-5.084121227264404297e-01,-1.331203281879425049e-01,-4.305430948734283447e-01,3.838587701320648193e-01
2.152152061462402344e+00,-5.097446441650390625e-01,-1.221423894166946411e-01,-4.259306788444519043e-01,3.921423256397247314e-01
2.162162065505981445e+00,-5.109673142433166504e-01,-1.112037077546119690e-01,-4.212126433849334717e-01,4.002420604228973389e-01
2.172172069549560547e+00,-5.120804905891418457e-01,-1.003062501549720764e-01,-4.163912236690521240e-01,4.081566929817199707e-01
2.182182073593139648e+00,-5.130845308303833008e-01,-8.945195376873016357e-02,-4.114687144756317139e-01,4.158850014209747314e-01
2.192192077636718750e+00,-5.139799714088439941e-01,-7.864274829626083374e-02,-4.064474105834960938e-01,4.234258234500885010e-01
2.202202081680297852e+00,-5.147671699523925781e-01,-6.788054108619689941e-02,-4.013296067714691162e-01,4.307780861854553223e-01
2.212212085723876953e+00,-5.154466629028320312e-01,-5.716720968484878540e-02,-3.961176276206970215e-01,4.379407763481140137e-01
2.222222089767456055e+00,-5.160189270973205566e-01,-4.650461673736572266e-02,-3.908138573169708252e-01,4.449129402637481689e-01
2.232232093811035156e+00,-5.164844393730163574e-01,-3.589460626244544983e-02,-3.854206204414367676e-01,4.516937434673309326e-01
2.242242097854614258e+00,-5.168437361717224121e-01,-2.533899992704391479e-02,-3.799402713775634766e-01,4.582823514938354492e-01
2.252252101898193359e+00,-5.170973539352416992e-01,-1.483959890902042389e-02,-3.743751943111419678e-01,4.646780192852020264e-01
2.262262105941772461e+00,-5.172458887100219727e-01,-4.398178309202194214e-03,-3.687277734279632568e-01,4.708800911903381348e-01
2.272272109985351562e+00,-5.172899365425109863e-01,5.983503535389900208e-03,-3.630004227161407471e-01,4.768879711627960205e-01
2.282282114028930664e+00,-5.172300338745117188e-01,1.630371436476707458e-02,-3.571955561637878418e-01,4.827011227607727051e-01
2.292292118072509766e+00,-5.170668363571166992e-01,2.656074427068233490e-02,-3.513155579566955566e-01,4.883190989494323730e-01
2.302302122116088867e+00,-5.168009400367736816e-01,3.675290197134017944e-02,-3.453628718852996826e-01,4.937414824962615967e-01
2.312312126159667969e+00,-5.164330601692199707e-01,4.687852412462234497e-02,-3.393399119377136230e-01,4.989679455757141113e-01
2.322322130203247070e+00,-5.159637928009033203e-01,5.693596601486206055e-02,-3.332491219043731689e-01,5.039982199668884277e-01
2.332332134246826172e+00,-5.153938531875610352e-01,6.692361086606979370e-02,-3.270929455757141113e-01,5.088320970535278320e-01
2.342342138290405273e+00,-5.147239565849304199e-01,7.683985680341720581e-02,-3.208737969398498535e-01,5.134694576263427734e-01
2.352352142333984375e+00,-5.139548182487487793e-01,8.668313175439834595e-02,-3.145941495895385742e-01,5.179102420806884766e-01
2.362362146377563477e+00,-5.130870938301086426e-01,9.645189344882965088e-02,-3.082564473152160645e-01,5.221544504165649414e-01
2.372372150421142578e+00,-5.121216177940368652e-01,1.061446070671081543e-01,-3.018631041049957275e-01,5.262021422386169434e-01
2.382382154464721680e+00,-5.110591053962707520e-01,1.157597824931144714e-01,-2.954165935516357422e-01,5.300533771514892578e-01
2.392392158508300781e+00,-5.099003314971923828e-01,1.252959370613098145e-01,-2.889193594455718994e-01,5.337083935737609863e-01
2.402402400970458984e+00,-5.086460709571838379e-01,1.347518414258956909e-01,-2.823736667633056641e-01,5.371675491333007812e-01
2.412412405014038086e+00,-5.072972178459167480e-01,1.441256254911422729e-01,-2.757822871208190918e-01,5.404309034347534180e-01
2.422422409057617188e+00,-5.058545470237731934e-01,1.534160971641540527e-01,-2.691475152969360352e-01,5.434989929199218750e-01
2.432432413101196289e+00,-5.043188333511352539e-01,1.626218855381011963e-01,-2.624717652797698975e-01,5.463721752166748047e-01
2.442442417144775391e+00,-5.026909708976745605e-01,1.717416495084762573e-01,-2.557574808597564697e-01,5.490509867668151855e-01
2.452452421188354492e+00,-5.009718537330627441e-01,1.807740479707717896e-01,-2.490070909261703491e-01,5.515359640121459961e-01
2.462462425231933594e+00,-4.991623163223266602e-01,1.897177845239639282e-01,-2.422230094671249390e-01,5.538277626037597656e-01
2.472472429275512695e+00,-4.972632527351379395e-01,1.985715776681900024e-01,-2.354076504707336426e-01,5.559269785881042480e-01
2.482482433319091797e+00,-4.952755570411682129e-01,2.073341757059097290e-01,-2.285634130239486694e-01,5.578343868255615234e-01
2.492492437362670898e+00,-4.932001531124114990e-01,2.160043418407440186e-01,-2.216926813125610352e-01,5.595507025718688965e-01
2.502502441406250000e+00,-4.910379350185394287e-01,2.245808839797973633e-01,-2.147978544235229492e-01,5.610768198966979980e-01
2.512512445449829102e+00,-4.887898862361907959e-01,2.330626398324966431e-01,-2.078813165426254272e-01,5.624136328697204590e-01
2.522522449493408203e+00,-4.864569306373596191e-01,2.414484471082687378e-01,-2.009454220533370972e-01,5.635620355606079102e-01
2.532532453536987305e+00,-4.840400218963623047e-01,2.497371733188629150e-01,-1.939925253391265869e-01,5.645231008529663086e-01
2.542542457580566406e+00,-4.815401434898376465e-01,2.579277455806732178e-01,-1.870249807834625244e-01,5.652977824211120605e-01
2.552552461624145508e+00,-4.789582788944244385e-01,2.660190761089324951e-01,-1.800451129674911499e-01,5.658872723579406738e-01
2.562562465667724609e+00,-4.762954413890838623e-01,2.740101218223571777e-01,-1.730552315711975098e-01,5.662927031517028809e-01
2.572572469711303711e+00,-4.735525846481323242e-01,2.818998694419860840e-01,-1.660576462745666504e-01,5.665152668952941895e-01
2.582582473754882812e+00,-4.707307517528533936e-01,2.896873056888580322e-01,-1.590546369552612305e-01,5.665562152862548828e-01
2.592592477798461914e+00,-4.678309857845306396e-01,2.973714768886566162e-01,-1.520484834909439087e-01,5.664168596267700195e-01
2.602602481842041016e+00,-4.648543000221252441e-01,3.049514293670654297e-01,-1.450414359569549561e-01,5.660985112190246582e-01
2.612612485885620117e+00,-4.618017375469207764e-01,3.124262690544128418e-01,-1.380357444286346436e-01,5.656026005744934082e-01
2.622622489929199219e+00,-4.586743414402008057e-01,3.197951018810272217e-01,-1.310336291790008545e-01,5.649305582046508789e-01
2.632632493972778320e+00,-4.554731845855712891e-01,3.270570635795593262e-01,-1.240372955799102783e-01,5.640839338302612305e-01
2.642642498016357422e+00,-4.521993398666381836e-01,3.342113494873046875e-01,-1.170489341020584106e-01,5.630642175674438477e-01
2.652652502059936523e+00,-4.488538801670074463e-01,3.412570953369140625e-01,-1.100707054138183594e-01,5.618729591369628906e-01
2.662662506103515625e+00,-4.454379081726074219e-01,3.481935560703277588e-01,-1.031047627329826355e-01,5.605118274688720703e-01
2.672672510147094727e+00,-4.419524967670440674e-01,3.550199866294860840e-01,-9.615324437618255615e-02,5.589824914932250977e-01
2.682682514190673828e+00,-4.383987486362457275e-01,3.617356419563293457e-01,-8.921825140714645386e-02,5.572866201400756836e-01
2.692692518234252930e+00,-4.347777664661407471e-01,3.683398067951202393e-01,-8.230186998844146729e-02,5.554260015487670898e-01
2.702702522277832031e+00,-4.310906827449798584e-01,3.748318254947662354e-01,-7.540617138147354126e-02,5.534023642539978027e-01
2.712712526321411133e+00,-4.273386001586914062e-01,3.812110126018524170e-01,-6.853319704532623291e-02,5.512175559997558594e-01
2.722722530364990234e+00,-4.235226809978485107e-01,3.874767720699310303e-01,-6.168497726321220398e-02,5.488734841346740723e-01
2.732732534408569336e+00,-4.196440279483795166e-01,3.936285078525543213e-01,-5.486350879073143005e-02,5.463719964027404785e-01
2.742742538452148438e+00,-4.157038033008575439e-01,3.996656537055969238e-01,-4.807076603174209595e-02,5.437150001525878906e-01
2.752752542495727539e+00,-4.117031395435333252e-01,4.055876433849334717e-01,-4.130870103836059570e-02,5.409045219421386719e-01
2.762762546539306641e+00,-4.076431989669799805e-01,4.113939702510833740e-01,-3.457924723625183105e-02,5.379425287246704102e-01
2.772772550582885742e+00,-4.035251438617706299e-01,4.170841574668884277e-01,-2.788430824875831604e-02,5.348311066627502441e-01
2.782782554626464844e+00,-3.993501365184783936e-01,4.226577281951904297e-01,-2.122575975954532623e-02,5.315722823143005371e-01
2.792792558670043945e+00,-3.951193392276763916e-01,4.281142354011535645e-01,-1.460545975714921951e-02,5.281681418418884277e-01
2.802802801132202148e+00,-3.908338248729705811e-01,4.334534108638763428e-01,-8.025079965591430664e-03,5.246207714080810547e-01
2.812812805175781250e+00,-3.864949643611907959e-01,4.386745989322662354e-01,-1.486734952777624130e-03,5.209324955940246582e-01
2.822822809219360352e+00,-3.821038305759429932e-01,4.437775611877441406e-01,5.007957108318805695e-03,5.171054005622863770e-01
2.832832813262939453e+00,-3.776616156101226807e-01,4.487619400024414062e-01,1.145724486559629440e-02,5.131416916847229004e-01
2.842842817306518555e+00,-3.731695115566253662e-01,4.536274671554565430e-01,1.785940863192081451e-02,5.090436339378356934e-01
2.852852821350097656e+00,-3.686287105083465576e-01,4.583738446235656738e-01,2.421275153756141663e-02,5.048134922981262207e-01
2.862862825393676758e+00,-3.640403747558593750e-01,4.630008041858673096e-01,3.051560930907726288e-02,5.004535317420959473e-01
2.872872829437255859e+00,-3.594057261943817139e-01,4.675081074237823486e-01,3.676634281873703003e-02,4.959661066532135010e-01
2.882882833480834961e+00,-3.547259569168090820e-01,4.718955457210540771e-01,4.296334087848663330e-02,4.913535416126251221e-01
2.892892837524414062e+00,-3.500022888183593750e-01,4.761629700660705566e-01,4.910502210259437561e-02,4.866182208061218262e-01
2.902902841567993164e+00,-3.452358841896057129e-01,4.803101718425750732e-01,5.518983304500579834e-02,4.817624986171722412e-01
2.912912845611572266e+00,-3.404279649257659912e-01,4.843370616436004639e-01,6.121625006198883057e-02,4.767888188362121582e-01
2.922922849655151367e+00,-3.355797529220581055e-01,4.882434904575347900e-01,6.718277931213378906e-02,4.716995656490325928e-01
2.932932853698730469e+00,-3.306924402713775635e-01,4.920293986797332764e-01,7.308795303106307983e-02,4.664972126483917236e-01
2.942942857742309570e+00,-3.257672190666198730e-01,4.956947267055511475e-01,7.893034070730209351e-02,4.611842334270477295e-01
2.952952861785888672e+00,-3.208053112030029297e-01,4.992394447326660156e-01,8.470854163169860840e-02,4.557630717754364014e-01
2.962962865829467773e+00,-3.158079087734222412e-01,5.026635527610778809e-01,9.042116999626159668e-02,4.502362310886383057e-01
2.972972869873046875e+00,-3.107762336730957031e-01,5.059670209884643555e-01,9.606689214706420898e-02,4.446062445640563965e-01
2.982982873916625977e+00,-3.057115077972412109e-01,5.091499090194702148e-01,1.016443893313407898e-01,4.388756155967712402e-01
2.992992877960205078e+00,-3.006149232387542725e-01,5.122122764587402344e-01,1.071523800492286682e-01,4.330468773841857910e-01
3.003002882003784180e+00,-2.954876720905303955e-01,5.151542425155639648e-01,1.125896200537681580e-01,4.271225929260253906e-01
3.013012886047363281e+00,-2.903309762477874756e-01,5.179758667945861816e-01,1.179548799991607666e-01,4.211053252220153809e-01
3.023022890090942383e+00,-2.851460278034210205e-01,5.206773281097412109e-01,1.232469752430915833e-01,4.149976372718811035e-01
3.033032894134521484e+00,-2.799340486526489258e-01,5.232587456703186035e-01,1.284647434949874878e-01,4.088021218776702881e-01
3.043042898178100586e+00,-2.746962308883666992e-01,5.257203578948974609e-01,1.336070597171783447e-01,4.025213718414306641e-01
3.053052902221679688e+00,-2.694337666034698486e-01,5.280622839927673340e-01,1.386728286743164062e-01,3.961579799652099609e-01
3.063062906265258789e+00,-2.641478478908538818e-01,5.302848219871520996e-01,1.436609923839569092e-01,3.897145688533782959e-01
3.073072910308837891e+00,-2.588396966457366943e-01,5.323881506919860840e-01,1.485705226659774780e-01,3.831937313079833984e-01
3.083082914352416992e+00,-2.535104751586914062e-01,5.343726277351379395e-01,1.534004211425781250e-01,3.765980899333953857e-01
3.093092918395996094e+00,-2.481614053249359131e-01,5.362384915351867676e-01,1.581497192382812500e-01,3.699302971363067627e-01
3.103102922439575195e+00,-2.427936494350433350e-01,5.379860401153564453e-01,1.628174781799316406e-01,3.631929457187652588e-01
3.113112926483154297e+00,-2.374083995819091797e-01,5.396156311035156250e-01,1.674028038978576660e-01,3.563886880874633789e-01
3.123122930526733398e+00,-2.320068478584289551e-01,5.411276221275329590e-01,1.719048172235488892e-01,3.495201468467712402e-01
3.133132934570312500e+00,-2.265901565551757812e-01,5.425223708152770996e-01,1.763226836919784546e-01,3.425899744033813477e-01
3.143142938613891602e+00,-2.211595028638839722e-01,5.438002943992614746e-01,1.806555986404418945e-01,3.356007933616638184e-01
3.153152942657470703e+00,-2.157160639762878418e-01,5.449618697166442871e-01,1.849027872085571289e-01,3.285552561283111572e-01
3.163162946701049805e+00,-2.102609872817993164e-01,5.460074543952941895e-01,1.890635043382644653e-01,3.214559853076934814e-01
3.173172950744628906e+00,-2.047954499721527100e-01,5.469375848770141602e-01,1.931370496749877930e-01,3.143056035041809082e-01
3.183182954788208008e+00,-1.993205994367599487e-01,5.477526783943176270e-01,1.971227377653121948e-01,3.071067631244659424e-01
3.193192958831787109e+00,-1.938375979661941528e-01,5.484532713890075684e-01,2.010199278593063354e-01,2.998620867729187012e-01
3.203203201293945312e+00,-1.883474439382553101e-01,5.490399003028869629e-01,2.048281133174896240e-01,2.925740182399749756e-01
3.213213205337524414e+00,-1.828515529632568359e-01,5.495131015777587891e-01,2.085465192794799805e-01,2.852455377578735352e-01
3.223223209381103516e+00,-1.773509234189987183e-01,5.498734116554260254e-01,2.121746838092803955e-01,2.778790891170501709e-01
3.233233213424682617e+00,-1.718466877937316895e-01,5.501214265823364258e-01,2.157121002674102783e-01,2.704772651195526123e-01
3.243243217468261719e+00,-1.663399636745452881e-01,5.502577424049377441e-01,2.191582918167114258e-01,2.630426585674285889e-01
3.253253221511840820e+00,-1.608318835496902466e-01,5.502830147743225098e-01,2.225127965211868286e-01,2.555778920650482178e-01
3.263263225555419922e+00,-1.553235501050949097e-01,5.501978397369384766e-01,2.257751971483230591e-01,2.480855286121368408e-01
3.273273229598999023e+00,-1.498160660266876221e-01,5.500029325485229492e-01,2.289451062679290771e-01,2.405681461095809937e-01
3.283283233642578125e+00,-1.443105340003967285e-01,5.496989488601684570e-01,2.320221662521362305e-01,2.330283075571060181e-01
3.293293237686157227e+00,-1.388080418109893799e-01,5.492865443229675293e-01,2.350060641765594482e-01,2.254685759544372559e-01
3.303303241729736328e+00,-1.333096772432327271e-01,5.487664937973022461e-01,2.378965020179748535e-01,2.178914844989776611e-01
3.313313245773315430e+00,-1.278165280818939209e-01,5.481394529342651367e-01,2.406932264566421509e-01,2.102995663881301880e-01
3.323323249816894531e+00,-1.223296523094177246e-01,5.474061965942382812e-01,2.433959990739822388e-01,2.026953399181365967e-01
3.333333253860473633e+00,-1.168501153588294983e-01,5.465674996376037598e-01,2.460046261548995972e-01,1.950813233852386475e-01
3.343343257904052734e+00,-1.113789752125740051e-01,5.456241369247436523e-01,2.485189288854598999e-01,1.874599903821945190e-01
3.353353261947631836e+00,-1.059172749519348145e-01,5.445769429206848145e-01,2.509387731552124023e-01,1.798338294029235840e-01
3.363363265991210938e+00,-1.004660576581954956e-01,5.434266924858093262e-01,2.532640695571899414e-01,1.722052842378616333e-01
3.373373270034790039e+00,-9.502635151147842407e-02,5.421742200851440430e-01,2.554947435855865479e-01,1.645768135786056519e-01
3.383383274078369141e+00,-8.959918469190597534e-02,5.408203601837158203e-01,2.576307356357574463e-01,1.569508314132690430e-01
3.393393278121948242e+00,-8.418557047843933105e-02,5.393659472465515137e-01,2.596720457077026367e-01,1.493297666311264038e-01
3.403403282165527344e+00,-7.878651469945907593e-02,5.378119349479675293e-01,2.616186738014221191e-01,1.417159885168075562e-01
3.413413286209106445e+00,-7.340301573276519775e-02,5.361591577529907227e-01,2.634706795215606689e-01,1.341118812561035156e-01
3.423423290252685547e+00,-6.803605705499649048e-02,5.344085097312927246e-01,2.652281224727630615e-01,1.265197992324829102e-01
3.433433294296264648e+00,-6.268662214279174805e-02,5.325609445571899414e-01,2.668911218643188477e-01,1.189420744776725769e-01
3.443443298339843750e+00,-5.735568702220916748e-02,5.306173563003540039e-01,2.684597969055175781e-01,1.113810166716575623e-01
3.453453302383422852e+00,-5.204420536756515503e-02,5.285787582397460938e-01,2.699343264102935791e-01,1.038389205932617188e-01
3.463463306427001953e+00,-4.675313085317611694e-02,5.264460444450378418e-01,2.713149189949035645e-01,9.631805121898651123e-02
3.473473310470581055e+00,-4.148340225219726562e-02,5.242202281951904297e-01,2.726017534732818604e-01,8.882065862417221069e-02
3.483483314514160156e+00,-3.623595461249351501e-02,5.219022631645202637e-01,2.737950980663299561e-01,8.134897053241729736e-02
3.493493318557739258e+00,-3.101171180605888367e-02,5.194931626319885254e-01,2.748952507972717285e-01,7.390518486499786377e-02
3.503503322601318359e+00,-2.581158280372619629e-02,5.169939398765563965e-01,2.759024798870086670e-01,6.649147719144821167e-02
3.513513326644897461e+00,-2.063647098839282990e-02,5.144056081771850586e-01,2.768171429634094238e-01,5.911000072956085205e-02
3.523523330688476562e+00,-1.548726856708526611e-02,5.117292404174804688e-01,2.776395976543426514e-01,5.176288634538650513e-02
3.533533334732055664e+00,-1.036485657095909119e-02,5.089658498764038086e-01,2.783702015876770020e-01,4.445223510265350342e-02
3.543543338775634766e+00,-5.270106252282857895e-03,5.061165094375610352e-01,2.790094017982482910e-01,3.718011826276779175e-02
3.553553342819213867e+00,-2.038781531155109406e-04,5.031822919845581055e-01,2.795576155185699463e-01,2.994859218597412109e-02
3.563563346862792969e+00,4.832978826016187668e-03,5.001642704010009766e-01,2.800153195858001709e-01,2.275967784225940704e-02
3.573573350906372070e+00,9.839625097811222076e-03,4.970635175704956055e-01,2.803829908370971680e-01,1.561536919325590134e-02
3.583583354949951172e+00,1.481523271650075912e-02,4.938811659812927246e-01,2.806611657142639160e-01,8.517633192241191864e-03
3.593593358993530273e+00,1.975898444652557373e-02,4.906183183193206787e-01,2.808503806591033936e-01,1.468410715460777283e-03
3.603603363037109375e+00,2.467007562518119812e-02,4.872760772705078125e-01,2.809512019157409668e-01,-5.530389491468667984e-03
3.613613367080688477e+00,2.954770997166633606e-02,4.838556051254272461e-01,2.809641957283020020e-01,-1.247688662260770798e-02
3.623623371124267578e+00,3.439110517501831055e-02,4.803580343723297119e-01,2.808899879455566406e-01,-1.936922781169414520e-02
3.633633375167846680e+00,3.919949010014533997e-02,4.767844974994659424e-01,2.807292342185974121e-01,-2.620559185743331909e-02
3.643643379211425781e+00,4.397210478782653809e-02,4.731361567974090576e-01,2.804825901985168457e-01,-3.298418968915939331e-02
3.653653383255004883e+00,4.870820045471191406e-02,4.694141745567321777e-01,2.801507115364074707e-01,-3.970325738191604614e-02
3.663663387298583984e+00,5.340703949332237244e-02,4.656197428703308105e-01,2.797343432903289795e-01,-4.636107012629508972e-02
3.673673391342163086e+00,5.806789547204971313e-02,4.617540240287780762e-01,2.792342007160186768e-01,-5.295592546463012695e-02
3.683683633804321289e+00,6.269016861915588379e-02,4.578181207180023193e-01,2.786510288715362549e-01,-5.948631837964057922e-02
3.693693637847900391e+00,6.727293133735656738e-02,4.538134038448333740e-01,2.779856026172637939e-01,-6.595029681921005249e-02
3.703703641891479492e+00,7.181560248136520386e-02,4.497410058975219727e-01,2.772387266159057617e-01,-7.234642654657363892e-02
3.713713645935058594e+00,7.631751149892807007e-02,4.456021189689636230e-01,2.764112055301666260e-01,-7.867313176393508911e-02
3.723723649978637695e+00,8.077798783779144287e-02,4.413979649543762207e-01,2.755038738250732422e-01,-8.492887765169143677e-02
3.733733654022216797e+00,8.519638329744338989e-02,4.371297657489776611e-01,2.745175659656524658e-01,-9.111215919256210327e-02
3.743743658065795898e+00,8.957205712795257568e-02,4.327987432479858398e-01,2.734531760215759277e-01,-9.722151607275009155e-02
3.753753662109375000e+00,9.390437602996826172e-02,4.284061193466186523e-01,2.723115980625152588e-01,-1.032555103302001953e-01
3.763763666152954102e+00,9.819272160530090332e-02,4.239531457424163818e-01,2.710937559604644775e-01,-1.092127412557601929e-01
3.773773670196533203e+00,1.024364978075027466e-01,4.194410741329193115e-01,2.698005437850952148e-01,-1.150918379426002502e-01
3.783783674240112305e+00,1.066351085901260376e-01,4.148711264133453369e-01,2.684329450130462646e-01,-1.208914741873741150e-01
3.793793678283691406e+00,1.107879728078842163e-01,4.102445840835571289e-01,2.669919133186340332e-01,-1.266103535890579224e-01
3.803803682327270508e+00,1.148945242166519165e-01,4.055626690387725830e-01,2.654784321784973145e-01,-1.322472095489501953e-01
3.813813686370849609e+00,1.189542114734649658e-01,4.008266627788543701e-01,2.638934850692749023e-01,-1.378008276224136353e-01
3.823823690414428711e+00,1.229664906859397888e-01,3.960378468036651611e-01,2.622381150722503662e-01,-1.432700008153915405e-01
3.833833694458007812e+00,1.269308328628540039e-01,3.911974430084228516e-01,2.605133354663848877e-01,-1.486535817384719849e-01
3.843843698501586914e+00,1.308467239141464233e-01,3.863067626953125000e-01,2.587201893329620361e-01,-1.539504528045654297e-01
3.853853702545166016e+00,1.347136497497558594e-01,3.813670575618743896e-01,2.568597197532653809e-01,-1.591595262289047241e-01
3.863863706588745117e+00,1.385311335325241089e-01,3.763796091079711914e-01,2.549330294132232666e-01,-1.642797589302062988e-01
3.873873710632324219e+00,1.422986984252929688e-01,3.713456690311431885e-01,2.529411911964416504e-01,-1.693101227283477783e-01
3.883883714675903320e+00,1.460158675909042358e-01,3.662665486335754395e-01,2.508853375911712646e-01,-1.742496639490127563e-01
3.893893718719482422e+00,1.496821939945220947e-01,3.611434996128082275e-01,2.487665563821792603e-01,-1.790974289178848267e-01
3.903903722763061523e+00,1.532972455024719238e-01,3.559778332710266113e-01,2.465859800577163696e-01,-1.838525086641311646e-01
3.913913726806640625e+00,1.568605899810791016e-01,3.507708311080932617e-01,2.443447411060333252e-01,-1.885140389204025269e-01
3.923923730850219727e+00,1.603718101978302002e-01,3.455237448215484619e-01,2.420440018177032471e-01,-1.930811852216720581e-01
3.933933734893798828e+00,1.638305038213729858e-01,3.402378857135772705e-01,2.396849244832992554e-01,-1.975531578063964844e-01
3.943943738937377930e+00,1.672362834215164185e-01,3.349145352840423584e-01,2.372686713933944702e-01,-2.019291967153549194e-01
3.953953742980957031e+00,1.705887764692306519e-01,3.295549750328063965e-01,2.347964346408843994e-01,-2.062085717916488647e-01
3.963963747024536133e+00,1.738876253366470337e-01,3.241604864597320557e-01,2.322694063186645508e-01,-2.103905975818634033e-01
3.973973751068115234e+00,1.771324723958969116e-01,3.187323510646820068e-01,2.296887934207916260e-01,-2.144746333360671997e-01
3.983983755111694336e+00,1.803229898214340210e-01,3.132718503475189209e-01,2.270558029413223267e-01,-2.184600532054901123e-01
3.993993759155273438e+00,1.834588348865509033e-01,3.077802658081054688e-01,2.243716567754745483e-01,-2.223462909460067749e-01
4.004004001617431641e+00,1.865397840738296509e-01,3.022587597370147705e-01,2.216375172138214111e-01,-2.261328846216201782e-01
4.014014244079589844e+00,1.895654648542404175e-01,2.967087328433990479e-01,2.188546806573867798e-01,-2.298192381858825684e-01
4.024024009704589844e+00,1.925354450941085815e-01,2.911317348480224609e-01,2.160245329141616821e-01,-2.334047108888626099e-01
4.034034252166748047e+00,1.954497396945953369e-01,2.855285108089447021e-01,2.131480425596237183e-01,-2.368892133235931396e-01
4.044044017791748047e+00,1.983078122138977051e-01,2.799008488655090332e-01,2.102267444133758545e-01,-2.402720153331756592e-01
4.054054260253906250e+00,2.011096924543380737e-01,2.742494940757751465e-01,2.072616219520568848e-01,-2.435530722141265869e-01
4.064064025878906250e+00,2.038548588752746582e-01,2.685762643814086914e-01,2.042542099952697754e-01,-2.467317432165145874e-01
4.074074268341064453e+00,2.065433710813522339e-01,2.628818750381469727e-01,2.012055069208145142e-01,-2.498080432415008545e-01
4.084084033966064453e+00,2.091747522354125977e-01,2.571681439876556396e-01,1.981170773506164551e-01,-2.527814209461212158e-01
4.094094276428222656e+00,2.117490619421005249e-01,2.514357864856719971e-01,1.949899047613143921e-01,-2.556519508361816406e-01
4.104104042053222656e+00,2.142658680677413940e-01,2.456865757703781128e-01,1.918255686759948730e-01,-2.584191560745239258e-01
4.114114284515380859e+00,2.167252451181411743e-01,2.399212419986724854e-01,1.886250525712966919e-01,-2.610831260681152344e-01
4.124124050140380859e+00,2.191268056631088257e-01,2.341415733098983765e-01,1.853899508714675903e-01,-2.636435329914093018e-01
4.134134292602539062e+00,2.214706242084503174e-01,2.283482551574707031e-01,1.821212470531463623e-01,-2.661005258560180664e-01
4.144144058227539062e+00,2.237563431262969971e-01,2.225430905818939209e-01,1.788205355405807495e-01,-2.684538066387176514e-01
4.154154300689697266e+00,2.259840518236160278e-01,2.167267501354217529e-01,1.754887998104095459e-01,-2.707035839557647705e-01
4.164164066314697266e+00,2.281534373760223389e-01,2.109010219573974609e-01,1.721276491880416870e-01,-2.728496789932250977e-01
4.174174308776855469e+00,2.302646040916442871e-01,2.050665766000747681e-01,1.687380522489547729e-01,-2.748923301696777344e-01
4.184184074401855469e+00,2.323172688484191895e-01,1.992251873016357422e-01,1.653216332197189331e-01,-2.768314182758331299e-01
4.194194316864013672e+00,2.343115657567977905e-01,1.933775097131729126e-01,1.618793606758117676e-01,-2.786672711372375488e-01
4.204204082489013672e+00,2.362472265958786011e-01,1.875253021717071533e-01,1.584128588438034058e-01,-2.803998589515686035e-01
4.214214324951171875e+00,2.381244003772735596e-01,1.816692203283309937e-01,1.549230813980102539e-01,-2.820295393466949463e-01
4.224224090576171875e+00,2.399428635835647583e-01,1.758110076189041138e-01,1.514116376638412476e-01,-2.835563421249389648e-01
4.234234333038330078e+00,2.417027801275253296e-01,1.699512898921966553e-01,1.478794962167739868e-01,-2.849806845188140869e-01
4.244244098663330078e+00,2.434039562940597534e-01,1.640918105840682983e-01,1.443282663822174072e-01,-2.863026857376098633e-01
4.254254341125488281e+00,2.450465559959411621e-01,1.582331806421279907e-01,1.407589018344879150e-01,-2.875227928161621094e-01
4.264264106750488281e+00,2.466304302215576172e-01,1.523771435022354126e-01,1.371730118989944458e-01,-2.886412143707275391e-01
4.274274349212646484e+00,2.481557577848434448e-01,1.465242803096771240e-01,1.335715353488922119e-01,-2.896584570407867432e-01
4.284284114837646484e+00,2.496224343776702881e-01,1.406763195991516113e-01,1.299560815095901489e-01,-2.905747890472412109e-01
4.294294357299804688e+00,2.510306239128112793e-01,1.348338276147842407e-01,1.263275742530822754e-01,-2.913907468318939209e-01
4.304304122924804688e+00,2.523802816867828369e-01,1.289985179901123047e-01,1.226876229047775269e-01,-2.921066880226135254e-01
4.314314365386962891e+00,2.536715865135192871e-01,1.231709569692611694e-01,1.190371289849281311e-01,-2.927232086658477783e-01
4.324324131011962891e+00,2.549045085906982422e-01,1.173528209328651428e-01,1.153776869177818298e-01,-2.932407259941101074e-01
4.334334373474121094e+00,2.560792267322540283e-01,1.115446686744689941e-01,1.117101982235908508e-01,-2.936598658561706543e-01
4.344344139099121094e+00,2.571957707405090332e-01,1.057481616735458374e-01,1.080362424254417419e-01,-2.939811348915100098e-01
4.354354381561279297e+00,2.582543492317199707e-01,9.996383637189865112e-02,1.043567061424255371e-01,-2.942051589488983154e-01
4.364364147186279297e+00,2.592549622058868408e-01,9.419333934783935547e-02,1.006731539964675903e-01,-2.943325638771057129e-01
4.374374389648437500e+00,2.601978480815887451e-01,8.843719214200973511e-02,9.698645770549774170e-02,-2.943640053272247314e-01
4.384384155273437500e+00,2.610830962657928467e-01,8.269701153039932251e-02,9.329817444086074829e-02,-2.943001687526702881e-01
4.394394397735595703e+00,2.619109153747558594e-01,7.697331160306930542e-02,8.960914611816406250e-02,-2.941417396068572998e-01
4.404404163360595703e+00,2.626813948154449463e-01,7.126768678426742554e-02,8.592091500759124756e-02,-2.938894629478454590e-01
4.414414405822753906e+00,2.633948028087615967e-01,6.558063626289367676e-02,8.223432302474975586e-02,-2.935440838336944580e-01
4.424424171447753906e+00,2.640512585639953613e-01,5.991372838616371155e-02,7.855088263750076294e-02,-2.931064069271087646e-01
4.434434413909912109e+00,2.646510004997253418e-01,5.426744371652603149e-02,7.487140595912933350e-02,-2.925772070884704590e-01
4.444444179534912109e+00,2.651942074298858643e-01,4.864333197474479675e-02,7.119740545749664307e-02,-2.919573485851287842e-01
4.454454421997070312e+00,2.656811475753784180e-01,4.304185509681701660e-02,6.752967089414596558e-02,-2.912476360797882080e-01
4.464464187622070312e+00,2.661119997501373291e-01,3.746454045176506042e-02,6.386967748403549194e-02,-2.904489934444427490e-01
4.474474430084228516e+00,2.664870321750640869e-01,3.191183134913444519e-02,6.021820753812789917e-02,-2.895622551441192627e-01
4.484484195709228516e+00,2.668064534664154053e-01,2.638522908091545105e-02,5.657671764492988586e-02,-2.885884046554565430e-01
4.494494438171386719e+00,2.670705616474151611e-01,2.088516019284725189e-02,5.294596031308174133e-02,-2.875283062458038330e-01
4.504504203796386719e+00,2.672796249389648438e-01,1.541309989988803864e-02,4.932736977934837341e-02,-2.863830327987670898e-01
4.514514446258544922e+00,2.674339115619659424e-01,9.969457983970642090e-03,4.572167992591857910e-02,-2.851534485816955566e-01
4.524524211883544922e+00,2.675336897373199463e-01,4.555681254714727402e-03,4.213029518723487854e-02,-2.838406562805175781e-01
4.534534454345703125e+00,2.675792872905731201e-01,-8.278349414467811584e-04,3.855392709374427795e-02,-2.824455499649047852e-01
4.544544219970703125e+00,2.675710022449493408e-01,-6.179674994200468063e-03,3.499395772814750671e-02,-2.809693217277526855e-01
4.554554462432861328e+00,2.675091326236724854e-01,-1.149945985525846481e-02,3.145107626914978027e-02,-2.794128656387329102e-01
4.564564228057861328e+00,2.673940360546112061e-01,-1.678580231964588165e-02,2.792663313448429108e-02,-2.777774333953857422e-01
4.574574470520019531e+00,2.672260105609893799e-01,-2.203834243118762970e-02,2.442129142582416534e-02,-2.760639488697052002e-01
4.584584236145019531e+00,2.670054137706756592e-01,-2.725572139024734497e-02,2.093637548387050629e-02,-2.742736935615539551e-01
4.594594478607177734e+00,2.667325735092163086e-01,-3.243759647011756897e-02,1.747252419590950012e-02,-2.724076211452484131e-01
4.604604244232177734e+00,2.664078772068023682e-01,-3.758264333009719849e-02,1.403102930635213852e-02,-2.704670429229736328e-01
4.614614486694335938e+00,2.660316526889801025e-01,-4.269053041934967041e-02,1.061250735074281693e-02,-2.684529423713684082e-01
4.624624252319335938e+00,2.656043171882629395e-01,-4.775996506214141846e-02,7.218216080218553543e-03,-2.663666903972625732e-01
4.634634494781494141e+00,2.651262283325195312e-01,-5.279063805937767029e-02,3.848748514428734779e-03,-2.642093002796173096e-01
4.644644260406494141e+00,2.645978033542633057e-01,-5.778128653764724731e-02,5.053279455751180649e-04,-2.619821429252624512e-01
4.654654502868652344e+00,2.640193998813629150e-01,-6.273162364959716797e-02,-2.811477053910493851e-03,-2.596862614154815674e-01
4.664664268493652344e+00,2.633914649486541748e-01,-6.764040887355804443e-02,-6.100478116422891617e-03,-2.573230564594268799e-01
4.674674510955810547e+00,2.627143561840057373e-01,-7.250737398862838745e-02,-9.361132048070430756e-03,-2.548936009407043457e-01
4.684684276580810547e+00,2.619885802268981934e-01,-7.733131945133209229e-02,-1.259228587150573730e-02,-2.523993551731109619e-01
4.694694519042968750e+00,2.612144649028778076e-01,-8.211199194192886353e-02,-1.579342223703861237e-02,-2.498413473367691040e-01
4.704704284667968750e+00,2.603925466537475586e-01,-8.684822916984558105e-02,-1.896342635154724121e-02,-2.472210973501205444e-01
4.714714527130126953e+00,2.595231831073760986e-01,-9.153979271650314331e-02,-2.210180461406707764e-02,-2.445396482944488525e-01
4.724724769592285156e+00,2.586068511009216309e-01,-9.618577361106872559e-02,-2.520762756466865540e-02,-2.417984306812286377e-01
4.734735012054443359e+00,2.576439976692199707e-01,-1.007855013012886047e-01,-2.828013151884078979e-02,-2.389987558126449585e-01
4.744744777679443359e+00,2.566351592540740967e-01,-1.053381115198135376e-01,-3.131842613220214844e-02,-2.361420840024948120e-01
4.754755020141601562e+00,2.555806934833526611e-01,-1.098433956503868103e-01,-3.432207182049751282e-02,-2.332294583320617676e-01
4.764764785766601562e+00,2.544811964035034180e-01,-1.143002957105636597e-01,-3.729006648063659668e-02,-2.302625030279159546e-01
4.774775028228759766e+00,2.533370256423950195e-01,-1.187086254358291626e-01,-4.022200033068656921e-02,-2.272422760725021362e-01
4.784784793853759766e+00,2.521487772464752197e-01,-1.230673640966415405e-01,-4.311691224575042725e-02,-2.241704165935516357e-01
4.794795036315917969e+00,2.509168386459350586e-01,-1.273763477802276611e-01,-4.597441479563713074e-02,-2.210479974746704102e-01
4.804804801940917969e+00,2.496418356895446777e-01,-1.316345781087875366e-01,-4.879358783364295959e-02,-2.178766727447509766e-01
4.814815044403076172e+00,2.483241409063339233e-01,-1.358419060707092285e-01,-5.157407373189926147e-02,-2.146575152873992920e-01
4.824824810028076172e+00,2.469643950462341309e-01,-1.399973928928375244e-01,-5.431499332189559937e-02,-2.113922089338302612e-01
4.834835052490234375e+00,2.455629855394363403e-01,-1.441008895635604858e-01,-5.701601132750511169e-02,-2.080818265676498413e-01
4.844844818115234375e+00,2.441205680370330811e-01,-1.481515020132064819e-01,-5.967629328370094299e-02,-2.047280669212341309e-01
4.854855060577392578e+00,2.426375299692153931e-01,-1.521490961313247681e-01,-6.229552999138832092e-02,-2.013320028781890869e-01
4.864864826202392578e+00,2.411145567893981934e-01,-1.560927927494049072e-01,-6.487292796373367310e-02,-1.978953480720520020e-01
4.874875068664550781e+00,2.395520359277725220e-01,-1.599825024604797363e-01,-6.740821152925491333e-02,-1.944191753864288330e-01
4.884884834289550781e+00,2.379506528377532959e-01,-1.638173907995223999e-01,-6.990062445402145386e-02,-1.909052133560180664e-01
4.894895076751708984e+00,2.363107949495315552e-01,-1.675973683595657349e-01,-7.234991341829299927e-02,-1.873545348644256592e-01
4.904904842376708984e+00,2.346331775188446045e-01,-1.713216304779052734e-01,-7.475537061691284180e-02,-1.837688684463500977e-01
4.914915084838867188e+00,2.329182028770446777e-01,-1.749901175498962402e-01,-7.711676508188247681e-02,-1.801492869853973389e-01
4.924924850463867188e+00,2.311665862798690796e-01,-1.786020696163177490e-01,-7.943344116210937500e-02,-1.764975339174270630e-01
4.934935092926025391e+00,2.293787300586700439e-01,-1.821574270725250244e-01,-8.170519024133682251e-02,-1.728146672248840332e-01
4.944944858551025391e+00,2.275553792715072632e-01,-1.856554746627807617e-01,-8.393139392137527466e-02,-1.691024452447891235e-01
4.954955101013183594e+00,2.256969213485717773e-01,-1.890961676836013794e-01,-8.611188083887100220e-02,-1.653619259595870972e-01
4.964964866638183594e+00,2.238041162490844727e-01,-1.924788355827331543e-01,-8.824606239795684814e-02,-1.615948528051376343e-01
4.974975109100341797e+00,2.218773514032363892e-01,-1.958034485578536987e-01,-9.033380448818206787e-02,-1.578022837638854980e-01
4.984984874725341797e+00,2.199174016714096069e-01,-1.990693658590316772e-01,-9.237456321716308594e-02,-1.539859771728515625e-01
4.994995117187500000e+00,2.179246693849563599e-01,-2.022765725851058960e-01,-9.436821937561035156e-02,-1.501469612121582031e-01
5.005004882812500000e+00,2.158999294042587280e-01,-2.054244726896286011e-01,-9.631428122520446777e-02,-1.462869942188262939e-01
5.015015125274658203e+00,2.138435840606689453e-01,-2.085130810737609863e-01,-9.821265935897827148e-02,-1.424071043729782104e-01
5.025024890899658203e+00,2.117564231157302856e-01,-2.115418314933776855e-01,-1.000628992915153503e-01,-1.385090500116348267e-01
5.035035133361816406e+00,2.096388339996337891e-01,-2.145107537508010864e-01,-1.018649339675903320e-01,-1.345938444137573242e-01
5.045045375823974609e+00,2.074915319681167603e-01,-2.174194455146789551e-01,-1.036184430122375488e-01,-1.306630373001098633e-01
5.055055618286132812e+00,2.053151130676269531e-01,-2.202676683664321899e-01,-1.053232103586196899e-01,-1.267180144786834717e-01
5.065065383911132812e+00,2.031102925539016724e-01,-2.230550795793533325e-01,-1.069789603352546692e-01,-1.227603405714035034e-01
5.075075626373291016e+00,2.008774578571319580e-01,-2.257817387580871582e-01,-1.085856780409812927e-01,-1.187909990549087524e-01
5.085085391998291016e+00,1.986174285411834717e-01,-2.284471988677978516e-01,-1.101430505514144897e-01,-1.148117184638977051e-01
5.095095634460449219e+00,1.963306218385696411e-01,-2.310515344142913818e-01,-1.116510778665542603e-01,-1.108234748244285583e-01
5.105105400085449219e+00,1.940178573131561279e-01,-2.335943132638931274e-01,-1.131094843149185181e-01,-1.068279892206192017e-01
5.115115642547607422e+00,1.916795223951339722e-01,-2.360756397247314453e-01,-1.145182996988296509e-01,-1.028262153267860413e-01
5.125125408172607422e+00,1.893164664506912231e-01,-2.384951412677764893e-01,-1.158772930502891541e-01,-9.881986677646636963e-02
5.135135650634765625e+00,1.869290769100189209e-01,-2.408529072999954224e-01,-1.171865239739418030e-01,-9.480988979339599609e-02
5.145145416259765625e+00,1.845181882381439209e-01,-2.431486099958419800e-01,-1.184457987546920776e-01,-9.079796820878982544e-02
5.155155658721923828e+00,1.820842176675796509e-01,-2.453823685646057129e-01,-1.196551918983459473e-01,-8.678502589464187622e-02
5.165165424346923828e+00,1.796279996633529663e-01,-2.475538700819015503e-01,-1.208145618438720703e-01,-8.277273923158645630e-02
5.175175666809082031e+00,1.771499216556549072e-01,-2.496632635593414307e-01,-1.219240128993988037e-01,-7.876201719045639038e-02
5.185185432434082031e+00,1.746508479118347168e-01,-2.517102658748626709e-01,-1.229834333062171936e-01,-7.475451380014419556e-02
5.195195674896240234e+00,1.721311658620834351e-01,-2.536950409412384033e-01,-1.239929497241973877e-01,-7.075110822916030884e-02
5.205205440521240234e+00,1.695917397737503052e-01,-2.556173801422119141e-01,-1.249524950981140137e-01,-6.675344705581665039e-02
5.215215682983398438e+00,1.670329421758651733e-01,-2.574774026870727539e-01,-1.258622109889984131e-01,-6.276237964630126953e-02
5.225225448608398438e+00,1.644556522369384766e-01,-2.592749595642089844e-01,-1.267220824956893921e-01,-5.877953022718429565e-02
5.235235691070556641e+00,1.618602424860000610e-01,-2.610101997852325439e-01,-1.275322735309600830e-01,-5.480573698878288269e-02
5.245245456695556641e+00,1.592475920915603638e-01,-2.626829743385314941e-01,-1.282928138971328735e-01,-5.084259063005447388e-02
5.255255699157714844e+00,1.566180735826492310e-01,-2.642934620380401611e-01,-1.290038824081420898e-01,-4.689090698957443237e-02
5.265265464782714844e+00,1.539725512266159058e-01,-2.658415734767913818e-01,-1.296655237674713135e-01,-4.295225068926811218e-02
5.275275707244873047e+00,1.513114124536514282e-01,-2.673274874687194824e-01,-1.302779614925384521e-01,-3.902741894125938416e-02
5.285285472869873047e+00,1.486355215311050415e-01,-2.687511444091796875e-01,-1.308412998914718628e-01,-3.511794656515121460e-02
5.295295715332031250e+00,1.459452509880065918e-01,-2.701127529144287109e-01,-1.313557475805282593e-01,-3.122460655868053436e-02
5.305305480957031250e+00,1.432414799928665161e-01,-2.714122533798217773e-01,-1.318214535713195801e-01,-2.734890393912792206e-02
5.315315723419189453e+00,1.405245810747146606e-01,-2.726498842239379883e-01,-1.322386562824249268e-01,-2.349158748984336853e-02
5.325325489044189453e+00,1.377954185009002686e-01,-2.738256156444549561e-01,-1.326075345277786255e-01,-1.965413056313991547e-02
5.335335731506347656e+00,1.350543648004531860e-01,-2.749397158622741699e-01,-1.329283565282821655e-01,-1.583725959062576294e-02
5.345345497131347656e+00,1.323022842407226562e-01,-2.759921848773956299e-01,-1.332013309001922607e-01,-1.204241439700126648e-02
5.355355739593505859e+00,1.295395344495773315e-01,-2.769832909107208252e-01,-1.334267407655715942e-01,-8.270295336842536926e-03
5.365365505218505859e+00,1.267669945955276489e-01,-2.779130935668945312e-01,-1.336048245429992676e-01,-4.522309172898530960e-03
5.375375747680664062e+00,1.239850148558616638e-01,-2.787818312644958496e-01,-1.337358951568603516e-01,-7.991294842213392258e-04
5.385385513305664062e+00,1.211944743990898132e-01,-2.795896232128143311e-01,-1.338202208280563354e-01,2.897871425375342369e-03
5.395395755767822266e+00,1.183957159519195557e-01,-2.803367376327514648e-01,-1.338581442832946777e-01,6.568045821040868759e-03
5.405405521392822266e+00,1.155896112322807312e-01,-2.810232937335968018e-01,-1.338499635457992554e-01,1.021005865186452866e-02
5.415415763854980469e+00,1.127765029668807983e-01,-2.816495895385742188e-01,-1.337960213422775269e-01,1.382328942418098450e-02
5.425425529479980469e+00,1.099572554230690002e-01,-2.822157740592956543e-01,-1.336966603994369507e-01,1.740643940865993500e-02
5.435435771942138672e+00,1.071322038769721985e-01,-2.827221453189849854e-01,-1.335522234439849854e-01,2.095891721546649933e-02
5.445445537567138672e+00,1.043022200465202332e-01,-2.831688821315765381e-01,-1.333631128072738647e-01,2.447946183383464813e-02
5.455455780029296875e+00,1.014676317572593689e-01,-2.835563123226165771e-01,-1.331296861171722412e-01,2.796750888228416443e-02
5.465465545654296875e+00,9.862929582595825195e-02,-2.838846445083618164e-01,-1.328523606061935425e-01,3.142183646559715271e-02
5.475475788116455078e+00,9.578754007816314697e-02,-2.841542065143585205e-01,-1.325315088033676147e-01,3.484191000461578369e-02
5.485485553741455078e+00,9.294322133064270020e-02,-2.843652367591857910e-01,-1.321675777435302734e-01,3.822654858231544495e-02
5.495495796203613281e+00,9.009665995836257935e-02,-2.845180630683898926e-01,-1.317609548568725586e-01,4.157524555921554565e-02
5.505505561828613281e+00,8.724869787693023682e-02,-2.846129834651947021e-01,-1.313121318817138672e-01,4.488686099648475647e-02
5.515515804290771484e+00,8.439965546131134033e-02,-2.846503257751464844e-01,-1.308214962482452393e-01,4.816091805696487427e-02
5.525525569915771484e+00,8.155037462711334229e-02,-2.846303880214691162e-01,-1.302895694971084595e-01,5.139631778001785278e-02
5.535535812377929688e+00,7.870115339756011963e-02,-2.845535278320312500e-01,-1.297167539596557617e-01,5.459260940551757812e-02
5.545545578002929688e+00,7.585284113883972168e-02,-2.844201028347015381e-01,-1.291035860776901245e-01,5.774874240159988403e-02
5.555555820465087891e+00,7.300572842359542847e-02,-2.842304408550262451e-01,-1.284504979848861694e-01,6.086429581046104431e-02
5.565565586090087891e+00,7.016064971685409546e-02,-2.839849293231964111e-01,-1.277580559253692627e-01,6.393826007843017578e-02
5.575575828552246094e+00,6.731788814067840576e-02,-2.836839258670806885e-01,-1.270266771316528320e-01,6.697024405002593994e-02
5.585585594177246094e+00,6.447827816009521484e-02,-2.833278179168701172e-01,-1.262569576501846313e-01,6.995928287506103516e-02
5.595595836639404297e+00,6.164209917187690735e-02,-2.829169929027557373e-01,-1.254493594169616699e-01,7.290501147508621216e-02
5.605605602264404297e+00,5.881016701459884644e-02,-2.824518680572509766e-01,-1.246044710278511047e-01,7.580651342868804932e-02
5.615615844726562500e+00,5.598275363445281982e-02,-2.819328308105468750e-01,-1.237227618694305420e-01,7.866345345973968506e-02
5.625625610351562500e+00,5.316067114472389221e-02,-2.813603281974792480e-01,-1.228048652410507202e-01,8.147495985031127930e-02
5.635635852813720703e+00,5.034418776631355286e-02,-2.807347476482391357e-01,-1.218512430787086487e-01,8.424072712659835815e-02
5.645645618438720703e+00,4.753410071134567261e-02,-2.800565659999847412e-01,-1.208625510334968567e-01,8.695992827415466309e-02
5.655655860900878906e+00,4.473066702485084534e-02,-2.793261706829071045e-01,-1.198392659425735474e-01,8.963228762149810791e-02
5.665665626525878906e+00,4.193467646837234497e-02,-2.785440683364868164e-01,-1.187820583581924438e-01,9.225703030824661255e-02
5.675675868988037109e+00,3.914638236165046692e-02,-2.777106463909149170e-01,-1.176914125680923462e-01,9.483390301465988159e-02
5.685685634613037109e+00,3.636656329035758972e-02,-2.768264412879943848e-01,-1.165680214762687683e-01,9.736218303442001343e-02
5.695695877075195312e+00,3.359546512365341187e-02,-2.758918702602386475e-01,-1.154123768210411072e-01,9.984163939952850342e-02
5.705705642700195312e+00,3.083385154604911804e-02,-2.749074697494506836e-01,-1.142251938581466675e-01,1.022716015577316284e-01
5.715715885162353516e+00,2.808196097612380981e-02,-2.738736569881439209e-01,-1.130069643259048462e-01,1.046518683433532715e-01
5.725725650787353516e+00,2.534054964780807495e-02,-2.727909982204437256e-01,-1.117584183812141418e-01,1.069818064570426941e-01
5.735735893249511719e+00,2.260984480381011963e-02,-2.716599106788635254e-01,-1.104800552129745483e-01,1.092612594366073608e-01
5.745745658874511719e+00,1.989059336483478546e-02,-2.704809904098510742e-01,-1.091726198792457581e-01,1.114896312355995178e-01
5.755755901336669922e+00,1.718301326036453247e-02,-2.692546546459197998e-01,-1.078366190195083618e-01,1.136667951941490173e-01
5.765766143798828125e+00,1.448770891875028610e-02,-2.679814696311950684e-01,-1.064727455377578735e-01,1.157923117280006409e-01
5.775776386260986328e+00,1.180514972656965256e-02,-2.666619718074798584e-01,-1.050816401839256287e-01,1.178658679127693176e-01
5.785786151885986328e+00,9.135926142334938049e-03,-2.652967572212219238e-01,-1.036640107631683350e-01,1.198870763182640076e-01
5.795796394348144531e+00,6.480241194367408752e-03,-2.638862431049346924e-01,-1.022203713655471802e-01,1.218558549880981445e-01
5.805806159973144531e+00,3.838801756501197815e-03,-2.624311149120330811e-01,-1.007515043020248413e-01,1.237717643380165100e-01
5.815816402435302734e+00,1.211802707985043526e-03,-2.609317600727081299e-01,-9.925793111324310303e-02,1.256347596645355225e-01
5.825826168060302734e+00,-1.400063047185540199e-03,-2.593888938426971436e-01,-9.774044156074523926e-02,1.274444311857223511e-01
5.835836410522460938e+00,-3.996608778834342957e-03,-2.578029334545135498e-01,-9.619955718517303467e-02,1.292007714509963989e-01
5.845846176147460938e+00,-6.577155552804470062e-03,-2.561745941638946533e-01,-9.463608264923095703e-02,1.309034228324890137e-01
5.855856418609619141e+00,-9.141525253653526306e-03,-2.545042932033538818e-01,-9.305053204298019409e-02,1.325523853302001953e-01
5.865866184234619141e+00,-1.168905384838581085e-02,-2.527927756309509277e-01,-9.144373238086700439e-02,1.341473609209060669e-01
5.875876426696777344e+00,-1.421957090497016907e-02,-2.510404586791992188e-01,-8.981619030237197876e-02,1.356883794069290161e-01
5.885886192321777344e+00,-1.673242636024951935e-02,-2.492480725049972534e-01,-8.816873282194137573e-02,1.371751874685287476e-01
5.895896434783935547e+00,-1.922746002674102783e-02,-2.474160641431808472e-01,-8.650188148021697998e-02,1.386078447103500366e-01
5.905906200408935547e+00,-2.170403674244880676e-02,-2.455451935529708862e-01,-8.481646329164505005e-02,1.399861425161361694e-01
5.915916442871093750e+00,-2.416200377047061920e-02,-2.436358928680419922e-01,-8.311299234628677368e-02,1.413101553916931152e-01
5.925926208496093750e+00,-2.660074271261692047e-02,-2.416889369487762451e-01,-8.139231055974960327e-02,1.425797194242477417e-01
5.935936450958251953e+00,-2.902010828256607056e-02,-2.397047579288482666e-01,-7.965492457151412964e-02,1.437949538230895996e-01
5.945946216583251953e+00,-3.141949698328971863e-02,-2.376841604709625244e-01,-7.790168374776840210e-02,1.449557393789291382e-01
5.955956459045410156e+00,-3.379877284169197083e-02,-2.356275618076324463e-01,-7.613309472799301147e-02,1.460621953010559082e-01
5.965966224670410156e+00,-3.615735098719596863e-02,-2.335357815027236938e-01,-7.434999942779541016e-02,1.471142619848251343e-01
5.975976467132568359e+00,-3.849510103464126587e-02,-2.314092367887496948e-01,-7.255291193723678589e-02,1.481120884418487549e-01
5.985986232757568359e+00,-4.081145301461219788e-02,-2.292487770318984985e-01,-7.074267417192459106e-02,1.490556597709655762e-01
5.995996475219726562e+00,-4.310628771781921387e-02,-2.270548045635223389e-01,-6.891979277133941650e-02,1.499451547861099243e-01
6.006006240844726562e+00,-4.537905380129814148e-02,-2.248281836509704590e-01,-6.708511710166931152e-02,1.507805734872817993e-01
6.016016483306884766e+00,-4.762963950634002686e-02,-2.225693166255950928e-01,-6.523913890123367310e-02,1.515621393918991089e-01
6.026026248931884766e+00,-4.985750466585159302e-02,-2.202790677547454834e-01,-6.338271498680114746e-02,1.522898972034454346e-01
6.036036491394042969e+00,-5.206255242228507996e-02,-2.179578691720962524e-01,-6.151633709669113159e-02,1.529640853404998779e-01
6.046046257019042969e+00,-5.424426123499870300e-02,-2.156065702438354492e-01,-5.964085087180137634e-02,1.535847932100296021e-01
6.056056499481201172e+00,-5.640253424644470215e-02,-2.132256031036376953e-01,-5.775674805045127869e-02,1.541522741317749023e-01
6.066066265106201172e+00,-5.853687226772308350e-02,-2.108158469200134277e-01,-5.586487427353858948e-02,1.546666771173477173e-01
6.076076507568359375e+00,-6.064718961715698242e-02,-2.083777189254760742e-01,-5.396571010351181030e-02,1.551282554864883423e-01
6.086086273193359375e+00,-6.273300200700759888e-02,-2.059120982885360718e-01,-5.206009745597839355e-02,1.555372178554534912e-01
6.096096515655517578e+00,-6.479423493146896362e-02,-2.034194171428680420e-01,-5.014851316809654236e-02,1.558938324451446533e-01
6.106106281280517578e+00,-6.683041900396347046e-02,-2.009005546569824219e-01,-4.823179543018341064e-02,1.561983376741409302e-01
6.116116523742675781e+00,-6.884147971868515015e-02,-1.983559429645538330e-01,-4.631041362881660461e-02,1.564510315656661987e-01
6.126126289367675781e+00,-7.082697749137878418e-02,-1.957864761352539062e-01,-4.438519850373268127e-02,1.566521972417831421e-01
6.136136531829833984e+00,-7.278684526681900024e-02,-1.931925565004348755e-01,-4.245661199092864990e-02,1.568021476268768311e-01
6.146146297454833984e+00,-7.472065836191177368e-02,-1.905751079320907593e-01,-4.052548110485076904e-02,1.569011956453323364e-01
6.156156539916992188e+00,-7.662836462259292603e-02,-1.879345476627349854e-01,-3.859226033091545105e-02,1.569496840238571167e-01
6.166166305541992188e+00,-7.850954681634902954e-02,-1.852717697620391846e-01,-3.665776923298835754e-02,1.569479405879974365e-01
6.176176548004150391e+00,-8.036416023969650269e-02,-1.825872063636779785e-01,-3.472245112061500549e-02,1.568963527679443359e-01
6.186186313629150391e+00,-8.219181746244430542e-02,-1.798817664384841919e-01,-3.278711810708045959e-02,1.567952781915664673e-01
6.196196556091308594e+00,-8.399248123168945312e-02,-1.771558523178100586e-01,-3.085220605134963989e-02,1.566451042890548706e-01
6.206206321716308594e+00,-8.576577156782150269e-02,-1.744103878736495972e-01,-2.891851589083671570e-02,1.564462482929229736e-01
6.216216564178466797e+00,-8.751165866851806641e-02,-1.716457754373550415e-01,-2.698647603392601013e-02,1.561991125345230103e-01
6.226226329803466797e+00,-8.922979235649108887e-02,-1.688629537820816040e-01,-2.505687624216079712e-02,1.559041440486907959e-01
6.236236572265625000e+00,-9.092015027999877930e-02,-1.660623103380203247e-01,-2.313013561069965363e-02,1.555617451667785645e-01
6.246246337890625000e+00,-9.258239716291427612e-02,-1.632447838783264160e-01,-2.120703458786010742e-02,1.551724076271057129e-01
6.256256580352783203e+00,-9.421651810407638550e-02,-1.604107618331909180e-01,-1.928798109292984009e-02,1.547365486621856689e-01
6.266266345977783203e+00,-9.582219272851943970e-02,-1.575611829757690430e-01,-1.737374253571033478e-02,1.542546898126602173e-01
6.276276588439941406e+00,-9.739942103624343872e-02,-1.546964347362518311e-01,-1.546471565961837769e-02,1.537272632122039795e-01
6.286286354064941406e+00,-9.894789755344390869e-02,-1.518174558877944946e-01,-1.356165669858455658e-02,1.531548202037811279e-01
6.296296596527099609e+00,-1.004676297307014465e-01,-1.489246338605880737e-01,-1.166495308279991150e-02,1.525378227233886719e-01
6.306306362152099609e+00,-1.019583269953727722e-01,-1.460188925266265869e-01,-9.775347076356410980e-03,1.518768370151519775e-01
6.316316604614257812e+00,-1.034200116991996765e-01,-1.431006193161010742e-01,-7.893214002251625061e-03,1.511723399162292480e-01
6.326326370239257812e+00,-1.048524156212806702e-01,-1.401707530021667480e-01,-6.019281223416328430e-03,1.504249274730682373e-01
6.336336612701416016e+00,-1.062555611133575439e-01,-1.372296661138534546e-01,-4.153913818299770355e-03,1.496350765228271484e-01
6.346346378326416016e+00,-1.076291948556900024e-01,-1.342782974243164062e-01,-2.297824714332818985e-03,1.488034278154373169e-01
6.356356620788574219e+00,-1.089733541011810303e-01,-1.313170194625854492e-01,-4.513659514486789703e-04,1.479304581880569458e-01
6.366366386413574219e+00,-1.102878078818321228e-01,-1.283467561006546021e-01,1.384763396345078945e-03,1.470168381929397583e-01
6.376376628875732422e+00,-1.115725934505462646e-01,-1.253678649663925171e-01,3.210223978385329247e-03,1.460630595684051514e-01
6.386386394500732422e+00,-1.128274947404861450e-01,-1.223812922835350037e-01,5.024333950132131577e-03,1.450698077678680420e-01
6.396396636962890625e+00,-1.140525639057159424e-01,-1.193873882293701172e-01,6.826765369623899460e-03,1.440375894308090210e-01
6.406406402587890625e+00,-1.152476072311401367e-01,-1.163870841264724731e-01,8.616852574050426483e-03,1.429671198129653931e-01
6.416416645050048828e+00,-1.164126694202423096e-01,-1.133807301521301270e-01,1.039428170770406723e-02,1.418589055538177490e-01
6.426426410675048828e+00,-1.175475865602493286e-01,-1.103692576289176941e-01,1.215840410441160202e-02,1.407136917114257812e-01
6.436436653137207031e+00,-1.186524108052253723e-01,-1.073530018329620361e-01,1.390891708433628082e-02,1.395319849252700806e-01
6.446446418762207031e+00,-1.197269856929779053e-01,-1.043328866362571716e-01,1.564519107341766357e-02,1.383145451545715332e-01
6.456456661224365234e+00,-1.207713857293128967e-01,-1.013092547655105591e-01,1.736693829298019409e-02,1.370619088411331177e-01
6.466466426849365234e+00,-1.217854693531990051e-01,-9.828302264213562012e-02,1.907354407012462616e-02,1.357748508453369141e-01
6.476476669311523438e+00,-1.227693036198616028e-01,-9.525451809167861938e-02,2.076473459601402283e-02,1.344539076089859009e-01
6.486486434936523438e+00,-1.237227767705917358e-01,-9.222465008497238159e-02,2.243991754949092865e-02,1.330998688936233521e-01
6.496496677398681641e+00,-1.246459707617759705e-01,-8.919374644756317139e-02,2.409883029758930206e-02,1.317132860422134399e-01
6.506506443023681641e+00,-1.255387812852859497e-01,-8.616270869970321655e-02,2.574089914560317993e-02,1.302949488162994385e-01
6.516516685485839844e+00,-1.264012902975082397e-01,-8.313185721635818481e-02,2.736587636172771454e-02,1.288454234600067139e-01
6.526526451110839844e+00,-1.272334158420562744e-01,-8.010208606719970703e-02,2.897320687770843506e-02,1.273655295372009277e-01
6.536536693572998047e+00,-1.280352622270584106e-01,-7.707370817661285400e-02,3.056265600025653839e-02,1.258558183908462524e-01
6.546546459197998047e+00,-1.288067549467086792e-01,-7.404761016368865967e-02,3.213369101285934448e-02,1.243171319365501404e-01
6.556556701660156250e+00,-1.295479834079742432e-01,-7.102409750223159790e-02,3.368609026074409485e-02,1.227500289678573608e-01
6.566566467285156250e+00,-1.302589178085327148e-01,-6.800404936075210571e-02,3.521934151649475098e-02,1.211553588509559631e-01
6.576576709747314453e+00,-1.309396475553512573e-01,-6.498776376247406006e-02,3.673323616385459900e-02,1.195336878299713135e-01
6.586586475372314453e+00,-1.315901577472686768e-01,-6.197610497474670410e-02,3.822728618979454041e-02,1.178858727216720581e-01
6.596596717834472656e+00,-1.322105526924133301e-01,-5.896936729550361633e-02,3.970129415392875671e-02,1.162124797701835632e-01
6.606606483459472656e+00,-1.328008174896240234e-01,-5.596841126680374146e-02,4.115479439496994019e-02,1.145143881440162659e-01
6.616616725921630859e+00,-1.333610713481903076e-01,-5.297352001070976257e-02,4.258760064840316772e-02,1.127921491861343384e-01
6.626626491546630859e+00,-1.338913291692733765e-01,-4.998554289340972900e-02,4.399926960468292236e-02,1.110466644167900085e-01
6.636636734008789062e+00,-1.343916952610015869e-01,-4.700475186109542847e-02,4.538963362574577332e-02,1.092784851789474487e-01
6.646646976470947266e+00,-1.348622292280197144e-01,-4.403184726834297180e-02,4.675833508372306824e-02,1.074884310364723206e-01
6.656657218933105469e+00,-1.353030055761337280e-01,-4.106737673282623291e-02,4.810508713126182556e-02,1.056772246956825256e-01
6.666666984558105469e+00,-1.357140839099884033e-01,-3.811202943325042725e-02,4.942955449223518372e-02,1.038456857204437256e-01
6.676677227020263672e+00,-1.360955983400344849e-01,-3.516606241464614868e-02,5.073159560561180115e-02,1.019943803548812866e-01
6.686686992645263672e+00,-1.364476084709167480e-01,-3.223029151558876038e-02,5.201083421707153320e-02,1.001242175698280334e-01
6.696697235107421875e+00,-1.367702484130859375e-01,-2.930496446788311005e-02,5.326713994145393372e-02,9.823575615882873535e-02
6.706707000732421875e+00,-1.370635777711868286e-01,-2.639088593423366547e-02,5.450015887618064880e-02,9.632990509271621704e-02
6.716717243194580078e+00,-1.373277604579925537e-01,-2.348829992115497589e-02,5.570977926254272461e-02,9.440722316503524780e-02
6.726727008819580078e+00,-1.375628709793090820e-01,-2.059799432754516602e-02,5.689566582441329956e-02,9.246862679719924927e-02
6.736737251281738281e+00,-1.377690583467483521e-01,-1.772020384669303894e-02,5.805772170424461365e-02,9.051467478275299072e-02
6.746747016906738281e+00,-1.379464268684387207e-01,-1.485570706427097321e-02,5.919563397765159607e-02,8.854628354310989380e-02
6.756757259368896484e+00,-1.380951404571533203e-01,-1.200472749769687653e-02,6.030931696295738220e-02,8.656400442123413086e-02
6.766767024993896484e+00,-1.382153034210205078e-01,-9.168028831481933594e-03,6.139848381280899048e-02,8.456875383853912354e-02
6.776777267456054688e+00,-1.383070796728134155e-01,-6.345827132463455200e-03,6.246306374669075012e-02,8.256108313798904419e-02
6.786787033081054688e+00,-1.383706033229827881e-01,-3.538871882483363152e-03,6.350278854370117188e-02,8.054190874099731445e-02
6.796797275543212891e+00,-1.384060233831405640e-01,-7.473700679838657379e-04,6.451760232448577881e-02,7.851177453994750977e-02
6.806807041168212891e+00,-1.384135037660598755e-01,2.027942333370447159e-03,6.550726294517517090e-02,7.647159695625305176e-02
6.816817283630371094e+00,-1.383932083845138550e-01,4.786867648363113403e-03,6.647173315286636353e-02,7.442191243171691895e-02
6.826827049255371094e+00,-1.383452862501144409e-01,7.528685964643955231e-03,6.741078197956085205e-02,7.236363738775253296e-02
6.836837291717529297e+00,-1.382699161767959595e-01,1.025320682674646378e-02,6.832438707351684570e-02,7.029730081558227539e-02
6.846847057342529297e+00,-1.381672769784927368e-01,1.295972615480422974e-02,6.921234726905822754e-02,6.822381913661956787e-02
6.856857299804687500e+00,-1.380375474691390991e-01,1.564806327223777771e-02,7.007464766502380371e-02,6.614371389150619507e-02
6.866867065429687500e+00,-1.378809213638305664e-01,1.831752993166446686e-02,7.091110944747924805e-02,6.405789405107498169e-02
6.876877307891845703e+00,-1.376975625753402710e-01,2.096795476973056793e-02,7.172173261642456055e-02,6.196686998009681702e-02
6.886887073516845703e+00,-1.374876797199249268e-01,2.359866537153720856e-02,7.250636816024780273e-02,5.987155064940452576e-02
6.896897315979003906e+00,-1.372514516115188599e-01,2.620949782431125641e-02,7.326501607894897461e-02,5.777243897318840027e-02
6.906907081604003906e+00,-1.369891017675399780e-01,2.879979647696018219e-02,7.399755716323852539e-02,5.567043274641036987e-02
6.916917324066162109e+00,-1.367008090019226074e-01,3.136941045522689819e-02,7.470400631427764893e-02,5.356602743268013000e-02
6.926927089691162109e+00,-1.363868117332458496e-01,3.391769528388977051e-02,7.538425922393798828e-02,5.146011710166931152e-02
6.936937332153320312e+00,-1.360472887754440308e-01,3.644451126456260681e-02,7.603835314512252808e-02,4.935318604111671448e-02
6.946947097778320312e+00,-1.356824934482574463e-01,3.894923254847526550e-02,7.666619867086410522e-02,4.724611714482307434e-02
6.956957340240478516e+00,-1.352926045656204224e-01,4.143172502517700195e-02,7.726784050464630127e-02,4.513938724994659424e-02
6.966967105865478516e+00,-1.348778754472732544e-01,4.389138519763946533e-02,7.784321904182434082e-02,4.303386807441711426e-02
6.976977348327636719e+00,-1.344385147094726562e-01,4.632808640599250793e-02,7.839239388704299927e-02,4.093002900481224060e-02
6.986987113952636719e+00,-1.339747756719589233e-01,4.874124377965927124e-02,7.891532033681869507e-02,3.882873058319091797e-02
6.996997356414794922e+00,-1.334868669509887695e-01,5.113073810935020447e-02,7.941207289695739746e-02,3.673043102025985718e-02
7.007007122039794922e+00,-1.329750567674636841e-01,5.349599942564964294e-02,7.988262921571731567e-02,3.463597595691680908e-02
7.017017364501953125e+00,-1.324395537376403809e-01,5.583691969513893127e-02,8.032707124948501587e-02,3.254581615328788757e-02
7.027027130126953125e+00,-1.318806409835815430e-01,5.815294757485389709e-02,8.074539899826049805e-02,3.046078793704509735e-02
7.037037372589111328e+00,-1.312985122203826904e-01,6.044398620724678040e-02,8.113770931959152222e-02,2.838132530450820923e-02
7.047047138214111328e+00,-1.306934803724288940e-01,6.270950287580490112e-02,8.150402456521987915e-02,2.630825340747833252e-02
7.057057380676269531e+00,-1.300657391548156738e-01,6.494940817356109619e-02,8.184444904327392578e-02,2.424199134111404419e-02
7.067067146301269531e+00,-1.294156163930892944e-01,6.716318428516387939e-02,8.215902745723724365e-02,2.218335308134555817e-02
7.077077388763427734e+00,-1.287432909011840820e-01,6.935075670480728149e-02,8.244787156581878662e-02,2.013274654746055603e-02
7.087087154388427734e+00,-1.280491054058074951e-01,7.151162624359130859e-02,8.271104097366333008e-02,1.809096895158290863e-02
7.097097396850585938e+00,-1.273332536220550537e-01,7.364572584629058838e-02,8.294866979122161865e-02,1.605841517448425293e-02
7.107107162475585938e+00,-1.265960782766342163e-01,7.575257122516632080e-02,8.316083252429962158e-02,1.403586659580469131e-02
7.117117404937744141e+00,-1.258377730846405029e-01,7.783210277557373047e-02,8.334767073392868042e-02,1.202370692044496536e-02
7.127127170562744141e+00,-1.250586956739425659e-01,7.988386601209640503e-02,8.350928127765655518e-02,1.002269890159368515e-02
7.137137413024902344e+00,-1.242590397596359253e-01,8.190780878067016602e-02,8.364581316709518433e-02,8.033214136958122253e-03
7.147147178649902344e+00,-1.234391629695892334e-01,8.390349149703979492e-02,8.375739306211471558e-02,6.055998150259256363e-03
7.157157421112060547e+00,-1.225992664694786072e-01,8.587086945772171021e-02,8.384416997432708740e-02,4.091408569365739822e-03
7.167167186737060547e+00,-1.217397227883338928e-01,8.780951797962188721e-02,8.390628546476364136e-02,2.140172291547060013e-03
7.177177429199218750e+00,-1.208607256412506104e-01,8.971940726041793823e-02,8.394390344619750977e-02,2.026336733251810074e-04
7.187187194824218750e+00,-1.199626550078392029e-01,9.160014241933822632e-02,8.395718038082122803e-02,-1.720499014481902122e-03
7.197197437286376953e+00,-1.190457120537757874e-01,9.345168620347976685e-02,8.394628763198852539e-02,-3.628895152360200882e-03
7.207207202911376953e+00,-1.181102842092514038e-01,9.527366608381271362e-02,8.391140401363372803e-02,-5.521866027265787125e-03
7.217217445373535156e+00,-1.171565726399421692e-01,9.706606715917587280e-02,8.385271579027175903e-02,-7.399095222353935242e-03
7.227227210998535156e+00,-1.161849647760391235e-01,9.882852435111999512e-02,8.377040922641754150e-02,-9.259914048016071320e-03
7.237237453460693359e+00,-1.151956692337989807e-01,1.005610227584838867e-01,8.366467803716659546e-02,-1.110402122139930725e-02
7.247247219085693359e+00,-1.141890734434127808e-01,1.022632271051406860e-01,8.353573083877563477e-02,-1.293076761066913605e-02
7.257257461547851562e+00,-1.131653934717178345e-01,1.039351373910903931e-01,8.338376134634017944e-02,-1.473986636847257614e-02
7.267267227172851562e+00,-1.121250241994857788e-01,1.055764332413673401e-01,8.320900052785873413e-02,-1.653069071471691132e-02
7.277277469635009766e+00,-1.110681816935539246e-01,1.071871221065521240e-01,8.301164954900741577e-02,-1.830296777188777924e-02
7.287287235260009766e+00,-1.099952608346939087e-01,1.087669059634208679e-01,8.279195427894592285e-02,-2.005609311163425446e-02
7.297297477722167969e+00,-1.089064776897430420e-01,1.103157922625541687e-01,8.255012333393096924e-02,-2.178980782628059387e-02
7.307307243347167969e+00,-1.078022420406341553e-01,1.118335053324699402e-01,8.228641748428344727e-02,-2.350352890789508820e-02
7.317317485809326172e+00,-1.066827625036239624e-01,1.133200675249099731e-01,8.200105279684066772e-02,-2.519701421260833740e-02
7.327327251434326172e+00,-1.055484563112258911e-01,1.147752255201339722e-01,8.169429749250411987e-02,-2.686970308423042297e-02
7.337337493896484375e+00,-1.043995320796966553e-01,1.161990016698837280e-01,8.136638253927230835e-02,-2.852136641740798950e-02
7.347347259521484375e+00,-1.032364070415496826e-01,1.175911575555801392e-01,8.101759105920791626e-02,-3.015146777033805847e-02
7.357357501983642578e+00,-1.020592898130416870e-01,1.189517304301261902e-01,8.064815402030944824e-02,-3.175979480147361755e-02
7.367367267608642578e+00,-1.008686125278472900e-01,1.202805042266845703e-01,8.025836944580078125e-02,-3.334583342075347900e-02
7.377377510070800781e+00,-9.966457635164260864e-02,1.215775236487388611e-01,7.984847575426101685e-02,-3.490938618779182434e-02
7.387387275695800781e+00,-9.844761341810226440e-02,1.228425875306129456e-01,7.941878587007522583e-02,-3.644996136426925659e-02
7.397397518157958984e+00,-9.721793234348297119e-02,1.240757480263710022e-01,7.896953821182250977e-02,-3.796737641096115112e-02
7.407407283782958984e+00,-9.597596526145935059e-02,1.252768188714981079e-01,7.850106060504913330e-02,-3.946116566658020020e-02
7.417417526245117188e+00,-9.472191333770751953e-02,1.264458745718002319e-01,7.801359891891479492e-02,-4.093116521835327148e-02
7.427427291870117188e+00,-9.345621615648269653e-02,1.275827437639236450e-01,7.750748842954635620e-02,-4.237692803144454956e-02
7.437437534332275391e+00,-9.217908233404159546e-02,1.286875009536743164e-01,7.698298245668411255e-02,-4.379830509424209595e-02
7.447447776794433594e+00,-9.089089184999465942e-02,1.297600567340850830e-01,7.644040137529373169e-02,-4.519494622945785522e-02
7.457458019256591797e+00,-8.959196507930755615e-02,1.308003813028335571e-01,7.588005065917968750e-02,-4.656657576560974121e-02
7.467467784881591797e+00,-8.828268200159072876e-02,1.318084001541137695e-01,7.530226558446884155e-02,-4.791287332773208618e-02
7.477478027343750000e+00,-8.696325123310089111e-02,1.327842026948928833e-01,7.470729947090148926e-02,-4.923371598124504089e-02
7.487487792968750000e+00,-8.563411235809326172e-02,1.337276846170425415e-01,7.409552484750747681e-02,-5.052873492240905762e-02
7.497498035430908203e+00,-8.429546654224395752e-02,1.346389353275299072e-01,7.346720248460769653e-02,-5.179782211780548096e-02
7.507507801055908203e+00,-8.294776082038879395e-02,1.355178654193878174e-01,7.282270491123199463e-02,-5.304063856601715088e-02
7.517518043518066406e+00,-8.159119635820388794e-02,1.363645792007446289e-01,7.216230034828186035e-02,-5.425708740949630737e-02
7.527527809143066406e+00,-8.022622019052505493e-02,1.371790170669555664e-01,7.148637622594833374e-02,-5.544685572385787964e-02
7.537538051605224609e+00,-7.885302603244781494e-02,1.379612684249877930e-01,7.079520076513290405e-02,-5.660986155271530151e-02
7.547547817230224609e+00,-7.747206836938858032e-02,1.387112885713577271e-01,7.008916884660720825e-02,-5.774581804871559143e-02
7.557558059692382812e+00,-7.608353346586227417e-02,1.394291967153549194e-01,6.936854124069213867e-02,-5.885465815663337708e-02
7.567567825317382812e+00,-7.468788325786590576e-02,1.401149630546569824e-01,6.863372772932052612e-02,-5.993611738085746765e-02
7.577578067779541016e+00,-7.328529655933380127e-02,1.407687067985534668e-01,6.788499653339385986e-02,-6.099014729261398315e-02
7.587587833404541016e+00,-7.187623530626296997e-02,1.413904130458831787e-01,6.712275743484497070e-02,-6.201650574803352356e-02
7.597598075866699219e+00,-7.046088576316833496e-02,1.419802010059356689e-01,6.634727865457534790e-02,-6.301515549421310425e-02
7.607607841491699219e+00,-6.903969496488571167e-02,1.425380855798721313e-01,6.555898487567901611e-02,-6.398588418960571289e-02
7.617618083953857422e+00,-6.761285662651062012e-02,1.430641859769821167e-01,6.475813686847686768e-02,-6.492867320775985718e-02
7.627627849578857422e+00,-6.618081778287887573e-02,1.435585469007492065e-01,6.394516676664352417e-02,-6.584332883358001709e-02
7.637638092041015625e+00,-6.474376469850540161e-02,1.440212875604629517e-01,6.312034279108047485e-02,-6.672984361648559570e-02
7.647647857666015625e+00,-6.330214440822601318e-02,1.444524526596069336e-01,6.228408962488174438e-02,-6.758805364370346069e-02
7.657658100128173828e+00,-6.185613945126533508e-02,1.448521912097930908e-01,6.143668293952941895e-02,-6.841796636581420898e-02
7.667667865753173828e+00,-6.040620431303977966e-02,1.452205628156661987e-01,6.057855114340782166e-02,-6.921944022178649902e-02
7.677678108215332031e+00,-5.895251035690307617e-02,1.455577015876770020e-01,5.970996990799903870e-02,-6.999250501394271851e-02
7.687687873840332031e+00,-5.749551206827163696e-02,1.458636969327926636e-01,5.883137136697769165e-02,-7.073703408241271973e-02
7.697698116302490234e+00,-5.603538081049919128e-02,1.461387127637863159e-01,5.794303119182586670e-02,-7.145306468009948730e-02
7.707707881927490234e+00,-5.457256734371185303e-02,1.463828235864639282e-01,5.704538524150848389e-02,-7.214050740003585815e-02
7.717718124389648438e+00,-5.310723930597305298e-02,1.465961933135986328e-01,5.613870546221733093e-02,-7.279940694570541382e-02
7.727727890014648438e+00,-5.163984745740890503e-02,1.467789411544799805e-01,5.522343516349792480e-02,-7.342969626188278198e-02
7.737738132476806641e+00,-5.017055571079254150e-02,1.469312161207199097e-01,5.429983884096145630e-02,-7.403143495321273804e-02
7.747747898101806641e+00,-4.869980737566947937e-02,1.470531523227691650e-01,5.336836352944374084e-02,-7.460458576679229736e-02
7.757758140563964844e+00,-4.722777009010314941e-02,1.471449285745620728e-01,5.242927744984626770e-02,-7.514921575784683228e-02
7.767767906188964844e+00,-4.575488343834877014e-02,1.472066789865493774e-01,5.148302391171455383e-02,-7.566531002521514893e-02
7.777778148651123047e+00,-4.428130760788917542e-02,1.472385674715042114e-01,5.052987113595008850e-02,-7.615295052528381348e-02
7.787787914276123047e+00,-4.280748218297958374e-02,1.472407579421997070e-01,4.957026615738868713e-02,-7.661213725805282593e-02
7.797798156738281250e+00,-4.133356735110282898e-02,1.472134292125701904e-01,4.860446974635124207e-02,-7.704297453165054321e-02
7.807807922363281250e+00,-3.985999524593353271e-02,1.471567600965499878e-01,4.763292893767356873e-02,-7.744549214839935303e-02
7.817818164825439453e+00,-3.838691860437393188e-02,1.470709294080734253e-01,4.665590450167655945e-02,-7.781979441642761230e-02
7.827827930450439453e+00,-3.691477328538894653e-02,1.469561308622360229e-01,4.567384347319602966e-02,-7.816592603921890259e-02
7.837838172912597656e+00,-3.544370830059051514e-02,1.468125432729721069e-01,4.468700662255287170e-02,-7.848402112722396851e-02
7.847847938537597656e+00,-3.397414833307266235e-02,1.466403752565383911e-01,4.369583353400230408e-02,-7.877413928508758545e-02
7.857858180999755859e+00,-3.250624239444732666e-02,1.464398056268692017e-01,4.270058497786521912e-02,-7.903642207384109497e-02
7.867867946624755859e+00,-3.104041516780853271e-02,1.462110728025436401e-01,4.170170053839683533e-02,-7.927095890045166016e-02
7.877878189086914062e+00,-2.957680635154247284e-02,1.459543555974960327e-01,4.069943353533744812e-02,-7.947789132595062256e-02
7.887887954711914062e+00,-2.811583690345287323e-02,1.456698924303054810e-01,3.969422727823257446e-02,-7.965733110904693604e-02
7.897898197174072266e+00,-2.665764652192592621e-02,1.453578770160675049e-01,3.868632763624191284e-02,-7.980944216251373291e-02
7.907907962799072266e+00,-2.520264871418476105e-02,1.450185477733612061e-01,3.767617791891098022e-02,-7.993435114622116089e-02
7.917918205261230469e+00,-2.375097759068012238e-02,1.446521133184432983e-01,3.666402027010917664e-02,-8.003222942352294922e-02
7.927927970886230469e+00,-2.230304479598999023e-02,1.442588418722152710e-01,3.565028682351112366e-02,-8.010322600603103638e-02
7.937938213348388672e+00,-2.085897885262966156e-02,1.438389271497726440e-01,3.463522344827651978e-02,-8.014752715826034546e-02
7.947947978973388672e+00,-1.941918581724166870e-02,1.433926373720169067e-01,3.361926227807998657e-02,-8.016529679298400879e-02
7.957958221435546875e+00,-1.798379048705101013e-02,1.429201811552047729e-01,3.260263800621032715e-02,-8.015672862529754639e-02
7.967967987060546875e+00,-1.655319333076477051e-02,1.424218565225601196e-01,3.158577904105186462e-02,-8.012200891971588135e-02
7.977978229522705078e+00,-1.512751635164022446e-02,1.418978571891784668e-01,3.056891448795795441e-02,-8.006133139133453369e-02
7.987987995147705078e+00,-1.370715163648128510e-02,1.413484811782836914e-01,2.955247089266777039e-02,-7.997491210699081421e-02
7.997998237609863281e+00,-1.229221932590007782e-02,1.407739520072937012e-01,2.853667363524436951e-02,-7.986295968294143677e-02
8.008008003234863281e+00,-1.088310498744249344e-02,1.401745676994323730e-01,2.752194181084632874e-02,-7.972569763660430908e-02
8.018017768859863281e+00,-9.479990229010581970e-03,1.395505666732788086e-01,2.650854550302028656e-02,-7.956334948539733887e-02
8.028028488159179688e+00,-8.082988671958446503e-03,1.389021724462509155e-01,2.549670450389385223e-02,-7.937613129615783691e-02
8.038038253784179688e+00,-6.692610681056976318e-03,1.382297575473785400e-01,2.448692545294761658e-02,-7.916431128978729248e-02
8.048048019409179688e+00,-5.308963358402252197e-03,1.375335454940795898e-01,2.347942069172859192e-02,-7.892812043428421021e-02
8.058057785034179688e+00,-3.932284656912088394e-03,1.368138194084167480e-01,2.247449755668640137e-02,-7.866781204938888550e-02
8.068068504333496094e+00,-2.562679816037416458e-03,1.360707879066467285e-01,2.147236652672290802e-02,-7.838361710309982300e-02
8.078078269958496094e+00,-1.200643135234713554e-03,1.353048682212829590e-01,2.047351934015750885e-02,-7.807584851980209351e-02
8.088088035583496094e+00,1.537268981337547302e-04,1.345162838697433472e-01,1.947815716266632080e-02,-7.774474471807479858e-02
8.098097801208496094e+00,1.500203390605747700e-03,1.337053179740905762e-01,1.848657615482807159e-02,-7.739058136940002441e-02
8.108108520507812500e+00,2.838689833879470825e-03,1.328721940517425537e-01,1.749897189438343048e-02,-7.701360434293746948e-02
8.118118286132812500e+00,4.168709274381399155e-03,1.320173591375350952e-01,1.651582308113574982e-02,-7.661417126655578613e-02
8.128128051757812500e+00,5.490172188729047775e-03,1.311410218477249146e-01,1.553731877356767654e-02,-7.619253545999526978e-02
8.138137817382812500e+00,6.802862975746393204e-03,1.302434951066970825e-01,1.456373929977416992e-02,-7.574899494647979736e-02
8.148148536682128906e+00,8.106693625450134277e-03,1.293249875307083130e-01,1.359526999294757843e-02,-7.528379559516906738e-02
8.158158302307128906e+00,9.401205927133560181e-03,1.283859908580780029e-01,1.263236999511718750e-02,-7.479733973741531372e-02
8.168168067932128906e+00,1.068631932139396667e-02,1.274267137050628662e-01,1.167521625757217407e-02,-7.428988814353942871e-02
8.178177833557128906e+00,1.196183077991008759e-02,1.264474689960479736e-01,1.072407606989145279e-02,-7.376176118850708008e-02
8.188188552856445312e+00,1.322766114026308060e-02,1.254484802484512329e-01,9.779120795428752899e-03,-7.321321964263916016e-02
8.198198318481445312e+00,1.448337081819772720e-02,1.244302392005920410e-01,8.840789087116718292e-03,-7.264468818902969360e-02
8.208208084106445312e+00,1.572888903319835663e-02,1.233929768204689026e-01,7.909244857728481293e-03,-7.205644249916076660e-02
8.218217849731445312e+00,1.696402393281459808e-02,1.223370134830474854e-01,6.984738633036613464e-03,-7.144881784915924072e-02
8.228228569030761719e+00,1.818870566785335541e-02,1.212625578045845032e-01,6.067429669201374054e-03,-7.082208245992660522e-02
8.238238334655761719e+00,1.940251514315605164e-02,1.201701462268829346e-01,5.157735664397478104e-03,-7.017669826745986938e-02
8.248248100280761719e+00,2.060539089143276215e-02,1.190599948167800903e-01,4.255807027220726013e-03,-6.951294839382171631e-02
8.258257865905761719e+00,2.179715409874916077e-02,1.179324239492416382e-01,3.361877053976058960e-03,-6.883117556571960449e-02
8.268268585205078125e+00,2.297774329781532288e-02,1.167876571416854858e-01,2.476091030985116959e-03,-6.813166290521621704e-02
8.278278350830078125e+00,2.414675988256931305e-02,1.156262457370758057e-01,1.598844071850180626e-03,-6.741488724946975708e-02
8.288288116455078125e+00,2.530415169894695282e-02,1.144484058022499084e-01,7.302719750441610813e-04,-6.668114662170410156e-02
8.298297882080078125e+00,2.644975297152996063e-02,1.132544651627540588e-01,-1.294084941036999226e-04,-6.593079864978790283e-02
8.308308601379394531e+00,2.758351154625415802e-02,1.120446473360061646e-01,-9.800662519410252571e-04,-6.516412645578384399e-02
8.318318367004394531e+00,2.870505303144454956e-02,1.108195111155509949e-01,-1.821330748498439789e-03,-6.438164412975311279e-02
8.328328132629394531e+00,2.981433086097240448e-02,1.095792800188064575e-01,-2.653080737218260765e-03,-6.358364224433898926e-02
8.338337898254394531e+00,3.091119416058063507e-02,1.083242967724800110e-01,-3.475117497146129608e-03,-6.277048587799072266e-02
8.348348617553710938e+00,3.199559822678565979e-02,1.070547699928283691e-01,-4.287323914468288422e-03,-6.194246560335159302e-02
8.358358383178710938e+00,3.306719288229942322e-02,1.057712808251380920e-01,-5.089354235678911209e-03,-6.110011413693428040e-02
8.368368148803710938e+00,3.412593901157379150e-02,1.044740453362464905e-01,-5.881102755665779114e-03,-6.024372577667236328e-02
8.378377914428710938e+00,3.517169877886772156e-02,1.031634062528610229e-01,-6.662388332188129425e-03,-5.937368050217628479e-02
8.388388633728027344e+00,3.620443865656852722e-02,1.018395721912384033e-01,-7.433108985424041748e-03,-5.849026888608932495e-02
8.398398399353027344e+00,3.722383081912994385e-02,1.005031391978263855e-01,-8.192946203052997589e-03,-5.759403482079505920e-02
8.408408164978027344e+00,3.822984546422958374e-02,9.915433079004287720e-02,-8.941807784140110016e-03,-5.668528005480766296e-02
8.418417930603027344e+00,3.922235593199729919e-02,9.779348224401473999e-02,-9.679531678557395935e-03,-5.576438456773757935e-02
8.428428649902343750e+00,4.020133987069129944e-02,9.642080217599868774e-02,-1.040603127330541611e-02,-5.483164265751838684e-02
8.438438415527343750e+00,4.116648808121681213e-02,9.503690153360366821e-02,-1.112101413309574127e-02,-5.388761684298515320e-02
8.448448181152343750e+00,4.211778566241264343e-02,9.364198893308639526e-02,-1.182440295815467834e-02,-5.293260142207145691e-02
8.458457946777343750e+00,4.305512085556983948e-02,9.223640710115432739e-02,-1.251605618745088577e-02,-5.196698382496833801e-02
8.468468666076660156e+00,4.397847503423690796e-02,9.082037210464477539e-02,-1.319590024650096893e-02,-5.099105834960937500e-02
8.478478431701660156e+00,4.488756507635116577e-02,8.939448744058609009e-02,-1.386367157101631165e-02,-5.000539496541023254e-02
8.488488197326660156e+00,4.578238353133201599e-02,8.795896917581558228e-02,-1.451930869370698929e-02,-4.901029169559478760e-02
8.498497962951660156e+00,4.666283354163169861e-02,8.651416003704071045e-02,-1.516268774867057800e-02,-4.800613224506378174e-02
8.508508682250976562e+00,4.752890393137931824e-02,8.506026118993759155e-02,-1.579375006258487701e-02,-4.699321091175079346e-02
8.518518447875976562e+00,4.838033765554428101e-02,8.359789848327636719e-02,-1.641226001083850861e-02,-4.597210884094238281e-02
8.528528213500976562e+00,4.921713471412658691e-02,8.212727308273315430e-02,-1.701817102730274200e-02,-4.494311660528182983e-02
8.538537979125976562e+00,5.003920942544937134e-02,8.064872771501541138e-02,-1.761137880384922028e-02,-4.390661790966987610e-02
8.548548698425292969e+00,5.084656178951263428e-02,7.916245609521865845e-02,-1.819184049963951111e-02,-4.286290332674980164e-02
8.558558464050292969e+00,5.163896083831787109e-02,7.766909152269363403e-02,-1.875934936106204987e-02,-4.181255772709846497e-02
8.568568229675292969e+00,5.241641029715538025e-02,7.616883516311645508e-02,-1.931387186050415039e-02,-4.075586795806884766e-02
8.578577995300292969e+00,5.317884311079978943e-02,7.466202229261398315e-02,-1.985532417893409729e-02,-3.969321772456169128e-02
8.588588714599609375e+00,5.392626300454139709e-02,7.314885407686233521e-02,-2.038367651402950287e-02,-3.862489014863967896e-02
8.598598480224609375e+00,5.465846508741378784e-02,7.162995636463165283e-02,-2.089875191450119019e-02,-3.755147010087966919e-02
8.608608245849609375e+00,5.537546426057815552e-02,7.010552287101745605e-02,-2.140052989125251770e-02,-3.647324070334434509e-02
8.618618011474609375e+00,5.607720464468002319e-02,6.857588887214660645e-02,-2.188894711434841156e-02,-3.539058193564414978e-02
8.628628730773925781e+00,5.676369741559028625e-02,6.704124808311462402e-02,-2.236398681998252869e-02,-3.430377319455146790e-02
8.638638496398925781e+00,5.743476375937461853e-02,6.550222635269165039e-02,-2.282550185918807983e-02,-3.321339562535285950e-02
8.648648262023925781e+00,5.809042602777481079e-02,6.395900994539260864e-02,-2.327348664402961731e-02,-3.211972117424011230e-02
8.658658027648925781e+00,5.873063951730728149e-02,6.241193786263465881e-02,-2.370789647102355957e-02,-3.102312795817852020e-02
8.668668746948242188e+00,5.935542657971382141e-02,6.086119264364242554e-02,-2.412872761487960815e-02,-2.992388419806957245e-02
8.678678512573242188e+00,5.996463447809219360e-02,5.930740013718605042e-02,-2.453586272895336151e-02,-2.882256917655467987e-02
8.688688278198242188e+00,6.055828928947448730e-02,5.775074288249015808e-02,-2.492931112647056580e-02,-2.771944925189018250e-02
8.698698043823242188e+00,6.113636121153831482e-02,5.619155243039131165e-02,-2.530904300510883331e-02,-2.661489136517047882e-02
8.708708763122558594e+00,6.169888004660606384e-02,5.463000386953353882e-02,-2.567507140338420868e-02,-2.550915442407131195e-02
8.718718528747558594e+00,6.224571540951728821e-02,5.306671932339668274e-02,-2.602730691432952881e-02,-2.440281212329864502e-02
8.728729248046875000e+00,6.277695298194885254e-02,5.150172859430313110e-02,-2.636580169200897217e-02,-2.329601533710956573e-02
8.738739013671875000e+00,6.329247355461120605e-02,4.993565008044242859e-02,-2.669048309326171875e-02,-2.218933217227458954e-02
8.748749732971191406e+00,6.379236280918121338e-02,4.836850985884666443e-02,-2.700140699744224548e-02,-2.108290791511535645e-02
8.758759498596191406e+00,6.427652388811111450e-02,4.680092260241508484e-02,-2.729851193726062775e-02,-1.997730508446693420e-02
8.768769264221191406e+00,6.474498659372329712e-02,4.523305594921112061e-02,-2.758183330297470093e-02,-1.887276768684387207e-02
8.778779029846191406e+00,6.519775837659835815e-02,4.366523027420043945e-02,-2.785138040781021118e-02,-1.776964403688907623e-02
8.788789749145507812e+00,6.563487648963928223e-02,4.209760576486587524e-02,-2.810718864202499390e-02,-1.666817441582679749e-02
8.798799514770507812e+00,6.605626642704010010e-02,4.053079336881637573e-02,-2.834922634065151215e-02,-1.556890830397605896e-02
8.808809280395507812e+00,6.646197289228439331e-02,3.896495699882507324e-02,-2.857753820717334747e-02,-1.447207853198051453e-02
8.818819046020507812e+00,6.685200333595275879e-02,3.740040212869644165e-02,-2.879215218126773834e-02,-1.337802037596702576e-02
8.828829765319824219e+00,6.722640991210937500e-02,3.583728522062301636e-02,-2.899311482906341553e-02,-1.228696200996637344e-02
8.838839530944824219e+00,6.758513301610946655e-02,3.427620977163314819e-02,-2.918042056262493134e-02,-1.119943894445896149e-02
8.848849296569824219e+00,6.792823225259780884e-02,3.271732851862907410e-02,-2.935412898659706116e-02,-1.011567190289497375e-02
8.858859062194824219e+00,6.825572252273559570e-02,3.116094134747982025e-02,-2.951428107917308807e-02,-9.035981260240077972e-03
8.868869781494140625e+00,6.856766343116760254e-02,2.960719726979732513e-02,-2.966093830764293671e-02,-7.960583083331584930e-03
8.878879547119140625e+00,6.886402517557144165e-02,2.805668860673904419e-02,-2.979411929845809937e-02,-6.889996118843555450e-03
8.888889312744140625e+00,6.914486736059188843e-02,2.650955878198146820e-02,-2.991389483213424683e-02,-5.824427120387554169e-03
8.898899078369140625e+00,6.941021978855133057e-02,2.496609836816787720e-02,-3.002032265067100525e-02,-4.764182493090629578e-03
8.908909797668457031e+00,6.966014951467514038e-02,2.342644892632961273e-02,-3.011347353458404541e-02,-3.709463868290185928e-03
8.918919563293457031e+00,6.989464163780212402e-02,2.189118973910808563e-02,-3.019339405000209808e-02,-2.660770900547504425e-03
8.928929328918457031e+00,7.011377066373825073e-02,2.036045677959918976e-02,-3.026016429066658020e-02,-1.618296955712139606e-03
8.938939094543457031e+00,7.031757384538650513e-02,1.883452944457530975e-02,-3.031385689973831177e-02,-5.823324900120496750e-04
8.948949813842773438e+00,7.050611823797225952e-02,1.731354184448719025e-02,-3.035455197095870972e-02,4.469351842999458313e-04
8.958959579467773438e+00,7.067942619323730469e-02,1.579806022346019745e-02,-3.038232214748859406e-02,1.469027367420494556e-03
8.968969345092773438e+00,7.083756476640701294e-02,1.428821031004190445e-02,-3.039725497364997864e-02,2.483765361830592155e-03
8.978979110717773438e+00,7.098058611154556274e-02,1.278426218777894974e-02,-3.039943799376487732e-02,3.490875940769910812e-03
8.988989830017089844e+00,7.110856473445892334e-02,1.128634065389633179e-02,-3.038896247744560242e-02,4.490185994654893875e-03
8.998999595642089844e+00,7.122153788805007935e-02,9.794996120035648346e-03,-3.036592341959476471e-02,5.481240339577198029e-03
9.009009361267089844e+00,7.131958007812500000e-02,8.310346864163875580e-03,-3.033041954040527344e-02,6.463875062763690948e-03
9.019019126892089844e+00,7.140276581048965454e-02,6.832651793956756592e-03,-3.028254956007003784e-02,7.437834981828927994e-03
9.029029846191406250e+00,7.147116214036941528e-02,5.362025927752256393e-03,-3.022241406142711639e-02,8.402962237596511841e-03
9.039039611816406250e+00,7.152483612298965454e-02,3.899003146216273308e-03,-3.015013039112091064e-02,9.358825162053108215e-03
9.049049377441406250e+00,7.156386226415634155e-02,2.443692646920681000e-03,-3.006580285727977753e-02,1.030527707189321518e-02
9.059059143066406250e+00,7.158832252025604248e-02,9.963412303477525711e-04,-2.996954694390296936e-02,1.124207954853773117e-02
9.069069862365722656e+00,7.159829884767532349e-02,-4.429444670677185059e-04,-2.986146882176399231e-02,1.216909103095531464e-02
9.079079627990722656e+00,7.159386575222015381e-02,-1.873648609034717083e-03,-2.974170818924903870e-02,1.308590732514858246e-02
9.089089393615722656e+00,7.157511264085769653e-02,-3.295671427622437477e-03,-2.961037680506706238e-02,1.399239525198936462e-02
9.099099159240722656e+00,7.154212146997451782e-02,-4.708778113126754761e-03,-2.946760132908821106e-02,1.488833874464035034e-02
9.109109878540039062e+00,7.149498164653778076e-02,-6.112871225923299789e-03,-2.931349538266658783e-02,1.577360928058624268e-02
9.119119644165039062e+00,7.143379002809524536e-02,-7.507454138249158859e-03,-2.914821729063987732e-02,1.664783060550689697e-02
9.129129409790039062e+00,7.135864347219467163e-02,-8.892436511814594269e-03,-2.897188812494277954e-02,1.751088723540306091e-02
9.139139175415039062e+00,7.126963138580322266e-02,-1.026759669184684753e-02,-2.878464199602603912e-02,1.836258172988891602e-02
9.149149894714355469e+00,7.116684317588806152e-02,-1.163284573704004288e-02,-2.858659997582435608e-02,1.920280046761035919e-02
9.159159660339355469e+00,7.105039805173873901e-02,-1.298770774155855179e-02,-2.837793901562690735e-02,2.003119885921478271e-02
9.169169425964355469e+00,7.092039287090301514e-02,-1.433210074901580811e-02,-2.815878577530384064e-02,2.084767445921897888e-02
9.179179191589355469e+00,7.077693194150924683e-02,-1.566581800580024719e-02,-2.792928554117679596e-02,2.165205031633377075e-02
9.189189910888671875e+00,7.062010467052459717e-02,-1.698877848684787750e-02,-2.768956311047077179e-02,2.244423143565654755e-02
9.199199676513671875e+00,7.045005261898040771e-02,-1.830052770674228668e-02,-2.743981406092643738e-02,2.322389930486679077e-02
9.209209442138671875e+00,7.026686519384384155e-02,-1.960099488496780396e-02,-2.718016877770423889e-02,2.399097010493278503e-02
9.219219207763671875e+00,7.007066160440444946e-02,-2.088998444378376007e-02,-2.691078186035156250e-02,2.474528737366199493e-02
9.229229927062988281e+00,6.986153870820999146e-02,-2.216742560267448425e-02,-2.663178369402885437e-02,2.548677101731300354e-02
9.239239692687988281e+00,6.963964551687240601e-02,-2.343288622796535492e-02,-2.634338475763797760e-02,2.621513418853282928e-02
9.249249458312988281e+00,6.940508633852005005e-02,-2.468630485236644745e-02,-2.604571916162967682e-02,2.693030796945095062e-02
9.259259223937988281e+00,6.915798038244247437e-02,-2.592749893665313721e-02,-2.573895081877708435e-02,2.763215824961662292e-02
9.269269943237304688e+00,6.889842450618743896e-02,-2.715640887618064880e-02,-2.542321197688579559e-02,2.832061983644962311e-02
9.279279708862304688e+00,6.862659752368927002e-02,-2.837262488901615143e-02,-2.509872801601886749e-02,2.899543754756450653e-02
9.289289474487304688e+00,6.834259629249572754e-02,-2.957609482109546661e-02,-2.476563677191734314e-02,2.965655922889709473e-02
9.299299240112304688e+00,6.804654747247695923e-02,-3.076665103435516357e-02,-2.442410588264465332e-02,3.030386939644813538e-02
9.309309959411621094e+00,6.773854792118072510e-02,-3.194424137473106384e-02,-2.407427504658699036e-02,3.093732148408889771e-02
9.319319725036621094e+00,6.741879135370254517e-02,-3.310848399996757507e-02,-2.371637895703315735e-02,3.155668824911117554e-02
9.329329490661621094e+00,6.708738207817077637e-02,-3.425933048129081726e-02,-2.335056103765964508e-02,3.216193616390228271e-02
9.339339256286621094e+00,6.674445420503616333e-02,-3.539663180708885193e-02,-2.297699451446533203e-02,3.275296837091445923e-02
9.349349975585937500e+00,6.639011204242706299e-02,-3.652034327387809753e-02,-2.259581722319126129e-02,3.332975506782531738e-02
9.359359741210937500e+00,6.602454930543899536e-02,-3.763010725378990173e-02,-2.220728062093257904e-02,3.389210253953933716e-02
9.369369506835937500e+00,6.564787775278091431e-02,-3.872588649392127991e-02,-2.181152440607547760e-02,3.443999215960502625e-02
9.379379272460937500e+00,6.526023894548416138e-02,-3.980754315853118896e-02,-2.140872925519943237e-02,3.497334942221641541e-02
9.389389991760253906e+00,6.486173719167709351e-02,-4.087504744529724121e-02,-2.099903486669063568e-02,3.549215570092201233e-02
9.399399757385253906e+00,6.445258855819702148e-02,-4.192806035280227661e-02,-2.058270014822483063e-02,3.599625080823898315e-02
9.409409523010253906e+00,6.403289735317230225e-02,-4.296655580401420593e-02,-2.015986852347850800e-02,3.648562729358673096e-02
9.419419288635253906e+00,6.360281258821487427e-02,-4.399041458964347839e-02,-1.973072253167629242e-02,3.696023672819137573e-02
9.429430007934570312e+00,6.316243857145309448e-02,-4.499961063265800476e-02,-1.929540373384952545e-02,3.742007538676261902e-02
9.439439773559570312e+00,6.271200627088546753e-02,-4.599383100867271423e-02,-1.885417662560939789e-02,3.786501288414001465e-02
9.449449539184570312e+00,6.225161999464035034e-02,-4.697306454181671143e-02,-1.840718649327754974e-02,3.829506039619445801e-02
9.459459304809570312e+00,6.178142875432968140e-02,-4.793719947338104248e-02,-1.795461773872375488e-02,3.871018439531326294e-02
9.469470024108886719e+00,6.130154430866241455e-02,-4.888622090220451355e-02,-1.749661378562450409e-02,3.911039605736732483e-02
9.479479789733886719e+00,6.081220507621765137e-02,-4.981984570622444153e-02,-1.703344471752643585e-02,3.949559852480888367e-02
9.489489555358886719e+00,6.031351909041404724e-02,-5.073806643486022949e-02,-1.656525395810604095e-02,3.986581787467002869e-02
9.499499320983886719e+00,5.980564281344413757e-02,-5.164078995585441589e-02,-1.609222963452339172e-02,4.022103920578956604e-02
9.509510040283203125e+00,5.928868055343627930e-02,-5.252800881862640381e-02,-1.561451144516468048e-02,4.056128859519958496e-02
9.519519805908203125e+00,5.876288563013076782e-02,-5.339946597814559937e-02,-1.513237692415714264e-02,4.088649898767471313e-02
9.529529571533203125e+00,5.822836980223655701e-02,-5.425516143441200256e-02,-1.464596763253211975e-02,4.119670763611793518e-02
9.539539337158203125e+00,5.768528953194618225e-02,-5.509501695632934570e-02,-1.415547076612710953e-02,4.149192571640014648e-02
9.549550056457519531e+00,5.713374912738800049e-02,-5.591903626918792725e-02,-1.366102602332830429e-02,4.177219048142433167e-02
9.559559822082519531e+00,5.657401308417320251e-02,-5.672698467969894409e-02,-1.316291373223066330e-02,4.203746467828750610e-02
9.569569587707519531e+00,5.600618943572044373e-02,-5.751887708902359009e-02,-1.266127359122037888e-02,4.228780046105384827e-02
9.579579353332519531e+00,5.543043836951255798e-02,-5.829464271664619446e-02,-1.215629279613494873e-02,4.252322390675544739e-02
9.589590072631835938e+00,5.484686791896820068e-02,-5.905429646372795105e-02,-1.164810825139284134e-02,4.274378716945648193e-02
9.599599838256835938e+00,5.425575003027915955e-02,-5.979763343930244446e-02,-1.113700214773416519e-02,4.294948279857635498e-02
9.609609603881835938e+00,5.365718901157379150e-02,-6.052467226982116699e-02,-1.062311232089996338e-02,4.314037412405014038e-02
9.619619369506835938e+00,5.305135250091552734e-02,-6.123536080121994019e-02,-1.010662317276000977e-02,4.331650584936141968e-02
9.629630088806152344e+00,5.243834108114242554e-02,-6.192971765995025635e-02,-9.587670676410198212e-03,4.347794502973556519e-02
9.639639854431152344e+00,5.181843787431716919e-02,-6.260756403207778931e-02,-9.066537022590637207e-03,4.362471029162406921e-02
9.649649620056152344e+00,5.119175091385841370e-02,-6.326892971992492676e-02,-8.543356321752071381e-03,4.375687986612319946e-02
9.659659385681152344e+00,5.055844411253929138e-02,-6.391377747058868408e-02,-8.018311113119125366e-03,4.387451335787773132e-02
9.669670104980468750e+00,4.991862177848815918e-02,-6.454213708639144897e-02,-7.491532713174819946e-03,4.397768899798393250e-02
9.679679870605468750e+00,4.927257075905799866e-02,-6.515385210514068604e-02,-6.963303312659263611e-03,4.406645521521568298e-02
9.689689636230468750e+00,4.862039536237716675e-02,-6.574895977973937988e-02,-6.433752365410327911e-03,4.414090141654014587e-02
9.699699401855468750e+00,4.796226322650909424e-02,-6.632743775844573975e-02,-5.903060082346200943e-03,4.420110210776329041e-02
9.709710121154785156e+00,4.729827865958213806e-02,-6.688932329416275024e-02,-5.371353588998317719e-03,4.424715042114257812e-02
9.719719886779785156e+00,4.662873223423957825e-02,-6.743448227643966675e-02,-4.838912747800350189e-03,4.427911713719367981e-02
9.729729652404785156e+00,4.595372825860977173e-02,-6.796296685934066772e-02,-4.305862821638584137e-03,4.429710283875465393e-02
9.739739418029785156e+00,4.527343437075614929e-02,-6.847476214170455933e-02,-3.772378899157047272e-03,4.430120065808296204e-02
9.749750137329101562e+00,4.458795115351676941e-02,-6.896991282701492310e-02,-3.238585311919450760e-03,4.429151117801666260e-02
9.759759902954101562e+00,4.389757663011550903e-02,-6.944832205772399902e-02,-2.704756567254662514e-03,4.426813498139381409e-02
9.769769668579101562e+00,4.320241510868072510e-02,-6.991003453731536865e-02,-2.171013737097382545e-03,4.423117637634277344e-02
9.779779434204101562e+00,4.250263050198554993e-02,-7.035505771636962891e-02,-1.637527486309409142e-03,4.418074712157249451e-02
9.789790153503417969e+00,4.179832711815834045e-02,-7.078343629837036133e-02,-1.104416558519005775e-03,4.411695152521133423e-02
9.799799919128417969e+00,4.108980298042297363e-02,-7.119510322809219360e-02,-5.719506880268454552e-04,4.403991997241973877e-02
9.809809684753417969e+00,4.037715494632720947e-02,-7.159011065959930420e-02,-4.024576628580689430e-05,4.394976794719696045e-02
9.819819450378417969e+00,3.966055437922477722e-02,-7.196848094463348389e-02,4.905333626084029675e-04,4.384661465883255005e-02
9.829830169677734375e+00,3.894009813666343689e-02,-7.233026623725891113e-02,1.020272960886359215e-03,4.373057931661605835e-02
9.839839935302734375e+00,3.821608796715736389e-02,-7.267542183399200439e-02,1.548710046336054802e-03,4.360181093215942383e-02
9.849849700927734375e+00,3.748862445354461670e-02,-7.300401479005813599e-02,2.075734781101346016e-03,4.346043244004249573e-02
9.859859466552734375e+00,3.675787150859832764e-02,-7.331606745719909668e-02,2.601187909021973610e-03,4.330658167600631714e-02
9.869870185852050781e+00,3.602392598986625671e-02,-7.361164689064025879e-02,3.124962095171213150e-03,4.314038157463073730e-02
9.879879951477050781e+00,3.528708964586257935e-02,-7.389073073863983154e-02,3.646801691502332687e-03,4.296200349926948547e-02
9.889889717102050781e+00,3.454745933413505554e-02,-7.415338605642318726e-02,4.166602622717618942e-03,4.277157783508300781e-02
9.899899482727050781e+00,3.380520269274711609e-02,-7.439965754747390747e-02,4.684212617576122284e-03,4.256925359368324280e-02
9.909910202026367188e+00,3.306040912866592407e-02,-7.462961226701736450e-02,5.199531093239784241e-03,4.235515743494033813e-02
9.919919967651367188e+00,3.231338411569595337e-02,-7.484325021505355835e-02,5.712310317903757095e-03,4.212948679924011230e-02
9.929929733276367188e+00,3.156422078609466553e-02,-7.504065334796905518e-02,6.222452968358993530e-03,4.189237579703330994e-02
9.939939498901367188e+00,3.081308118999004364e-02,-7.522187381982803345e-02,6.729814223945140839e-03,4.164398089051246643e-02
9.949950218200683594e+00,3.006005659699440002e-02,-7.538697868585586548e-02,7.234300021082162857e-03,4.138443991541862488e-02
9.959959983825683594e+00,2.930545061826705933e-02,-7.553600519895553589e-02,7.735671941190958023e-03,4.111396521329879761e-02
9.969969749450683594e+00,2.854935266077518463e-02,-7.566902786493301392e-02,8.233840577304363251e-03,4.083269834518432617e-02
9.979979515075683594e+00,2.779192291200160980e-02,-7.578611373901367188e-02,8.728668093681335449e-03,4.054080694913864136e-02
9.989990234375000000e+00,2.703324891626834869e-02,-7.588734477758407593e-02,9.220066480338573456e-03,4.023842886090278625e-02
1.000000000000000000e+01,2.627363428473472595e-02,-7.597276568412780762e-02,9.707809425890445709e-03,3.992579877376556396e-02
